-- 初始化菜单
INSERT INTO `sys_menu` (`id`, `create_time`, `created_by`, `update_time`, `updated_by`, `label`, `parent_id`, `sort_value`, `name`, `path`, `component`, `redirect`, `icon`, `authority`, `type`, `deleted`, `hide`, `href`) VALUES (1518129301151547392, '2022-04-24 15:26:46', 0, '2022-04-24 15:26:46', 0, 'dashboard', 0, 1, 'dashboard', '/dashboard', 'basic', NULL, 'carbon:dashboard', '', 'MENU', b'0', b'0', NULL);
INSERT INTO `sys_menu` (`id`, `create_time`, `created_by`, `update_time`, `updated_by`, `label`, `parent_id`, `sort_value`, `name`, `path`, `component`, `redirect`, `icon`, `authority`, `type`, `deleted`, `hide`, `href`) VALUES (1518129301151547393, '2022-04-24 15:26:46', 0, '2022-04-24 15:26:46', 0, '分析页', 1518129301151547392, 1, 'dashboard_analysis', '/dashboard/analysis', 'basic', NULL, 'icon-park-outline:analysis', '', 'MENU', b'0', b'0', NULL);
INSERT INTO `sys_menu` (`id`, `create_time`, `created_by`, `update_time`, `updated_by`, `label`, `parent_id`, `sort_value`, `name`, `path`, `component`, `redirect`, `icon`, `authority`, `type`, `deleted`, `hide`, `href`) VALUES (1518129301151547394, '2022-04-24 15:26:46', 0, '2022-04-24 15:26:46', 0, '工作台', 1518129301151547392, 2, 'dashboard_workbench', '/dashboard/workbench', 'basic', NULL, 'icon-park-outline:workbench', '', 'MENU', b'0', b'0', NULL);
INSERT INTO `sys_menu` (`id`, `create_time`, `created_by`, `update_time`, `updated_by`, `label`, `parent_id`, `sort_value`, `name`, `path`, `component`, `redirect`, `icon`, `authority`, `type`, `deleted`, `hide`, `href`) VALUES (1518129301151547395, '2022-04-24 15:26:46', 0, '2022-04-24 15:26:46', 0, '系统管理', 0, 2, 'system', '/system', 'basic', NULL, 'system-uicons:grid', '', 'MENU', b'0', b'0', NULL);
INSERT INTO `sys_menu` (`id`, `create_time`, `created_by`, `update_time`, `updated_by`, `label`, `parent_id`, `sort_value`, `name`, `path`, `component`, `redirect`, `icon`, `authority`, `type`, `deleted`, `hide`, `href`) VALUES (1518129301151547396, '2022-04-24 15:26:46', 0, '2022-04-24 15:26:46', 0, '用户管理', 1518129301151547395, 1, 'system_user', '/system/user', 'basic', NULL, 'ph:user-duotone', '', 'MENU', b'0', b'0', NULL);
INSERT INTO `sys_menu` (`id`, `create_time`, `created_by`, `update_time`, `updated_by`, `label`, `parent_id`, `sort_value`, `name`, `path`, `component`, `redirect`, `icon`, `authority`, `type`, `deleted`, `hide`, `href`) VALUES (1518129301151547397, '2022-04-24 15:26:46', 0, '2022-04-24 15:26:46', 0, '查看用户', 1518129301151547396, 1, NULL, NULL, NULL, NULL, NULL, 'sys:user:view', 'RESOURCE', b'0', b'0', NULL);
INSERT INTO `sys_menu` (`id`, `create_time`, `created_by`, `update_time`, `updated_by`, `label`, `parent_id`, `sort_value`, `name`, `path`, `component`, `redirect`, `icon`, `authority`, `type`, `deleted`, `hide`, `href`) VALUES (1518129301151547398, '2022-04-24 15:26:46', 0, '2022-04-24 15:26:46', 0, '新增用户', 1518129301151547396, 2, NULL, NULL, NULL, NULL, NULL, 'sys:user:save', 'RESOURCE', b'0', b'0', NULL);
INSERT INTO `sys_menu` (`id`, `create_time`, `created_by`, `update_time`, `updated_by`, `label`, `parent_id`, `sort_value`, `name`, `path`, `component`, `redirect`, `icon`, `authority`, `type`, `deleted`, `hide`, `href`) VALUES (1518129301151547399, '2022-04-24 15:26:46', 0, '2022-04-24 15:26:46', 0, '修改用户', 1518129301151547396, 3, NULL, NULL, NULL, NULL, NULL, 'sys:user:update', 'RESOURCE', b'0', b'0', NULL);
INSERT INTO `sys_menu` (`id`, `create_time`, `created_by`, `update_time`, `updated_by`, `label`, `parent_id`, `sort_value`, `name`, `path`, `component`, `redirect`, `icon`, `authority`, `type`, `deleted`, `hide`, `href`) VALUES (1518129301151547400, '2022-04-24 15:26:46', 0, '2022-04-24 15:26:46', 0, '删除用户', 1518129301151547396, 4, NULL, NULL, NULL, NULL, NULL, 'sys:user:delete', 'RESOURCE', b'0', b'0', NULL);
INSERT INTO `sys_menu` (`id`, `create_time`, `created_by`, `update_time`, `updated_by`, `label`, `parent_id`, `sort_value`, `name`, `path`, `component`, `redirect`, `icon`, `authority`, `type`, `deleted`, `hide`, `href`) VALUES (1518129301151547401, '2022-04-24 15:26:46', 0, '2022-04-24 15:26:46', 0, '角色管理', 1518129301151547395, 2, 'system_role', '/system/role', 'basic', NULL, 'carbon:user-role', '', 'MENU', b'0', b'0', NULL);
INSERT INTO `sys_menu` (`id`, `create_time`, `created_by`, `update_time`, `updated_by`, `label`, `parent_id`, `sort_value`, `name`, `path`, `component`, `redirect`, `icon`, `authority`, `type`, `deleted`, `hide`, `href`) VALUES (1518129301151547402, '2022-04-24 15:26:46', 0, '2022-04-24 15:26:46', 0, '查看角色', 1518129301151547401, 1, NULL, NULL, NULL, NULL, NULL, 'sys:role:view', 'RESOURCE', b'0', b'0', NULL);
INSERT INTO `sys_menu` (`id`, `create_time`, `created_by`, `update_time`, `updated_by`, `label`, `parent_id`, `sort_value`, `name`, `path`, `component`, `redirect`, `icon`, `authority`, `type`, `deleted`, `hide`, `href`) VALUES (1518129301151547403, '2022-04-24 15:26:46', 0, '2022-04-24 15:26:46', 0, '新增角色', 1518129301151547401, 2, NULL, NULL, NULL, NULL, NULL, 'sys:role:save', 'RESOURCE', b'0', b'0', NULL);
INSERT INTO `sys_menu` (`id`, `create_time`, `created_by`, `update_time`, `updated_by`, `label`, `parent_id`, `sort_value`, `name`, `path`, `component`, `redirect`, `icon`, `authority`, `type`, `deleted`, `hide`, `href`) VALUES (1518129301151547404, '2022-04-24 15:26:46', 0, '2022-04-24 15:26:46', 0, '修改角色', 1518129301151547401, 3, NULL, NULL, NULL, NULL, NULL, 'sys:role:update', 'RESOURCE', b'0', b'0', NULL);
INSERT INTO `sys_menu` (`id`, `create_time`, `created_by`, `update_time`, `updated_by`, `label`, `parent_id`, `sort_value`, `name`, `path`, `component`, `redirect`, `icon`, `authority`, `type`, `deleted`, `hide`, `href`) VALUES (1518129301151547405, '2022-04-24 15:26:46', 0, '2022-04-24 15:26:46', 0, '删除角色', 1518129301151547401, 4, NULL, NULL, NULL, NULL, NULL, 'sys:role:delete', 'RESOURCE', b'0', b'0', NULL);
INSERT INTO `sys_menu` (`id`, `create_time`, `created_by`, `update_time`, `updated_by`, `label`, `parent_id`, `sort_value`, `name`, `path`, `component`, `redirect`, `icon`, `authority`, `type`, `deleted`, `hide`, `href`) VALUES (1518129301151547406, '2022-04-24 15:26:46', 0, '2022-04-24 15:26:46', 0, '菜单管理', 1518129301151547395, 3, 'system_menu', '/system/menu', 'basic', NULL, 'ic:sharp-menu', '', 'MENU', b'0', b'0', NULL);
INSERT INTO `sys_menu` (`id`, `create_time`, `created_by`, `update_time`, `updated_by`, `label`, `parent_id`, `sort_value`, `name`, `path`, `component`, `redirect`, `icon`, `authority`, `type`, `deleted`, `hide`, `href`) VALUES (1518129301151547407, '2022-04-24 15:26:46', 0, '2022-04-24 15:26:46', 0, '查看菜单', 1518129301151547406, 1, NULL, NULL, NULL, NULL, NULL, 'sys:menu:view', 'RESOURCE', b'0', b'0', NULL);
INSERT INTO `sys_menu` (`id`, `create_time`, `created_by`, `update_time`, `updated_by`, `label`, `parent_id`, `sort_value`, `name`, `path`, `component`, `redirect`, `icon`, `authority`, `type`, `deleted`, `hide`, `href`) VALUES (1518129301151547408, '2022-04-24 15:26:46', 0, '2022-04-24 15:26:46', 0, '新增菜单', 1518129301151547406, 2, NULL, NULL, NULL, NULL, NULL, 'sys:menu:save', 'RESOURCE', b'0', b'0', NULL);
INSERT INTO `sys_menu` (`id`, `create_time`, `created_by`, `update_time`, `updated_by`, `label`, `parent_id`, `sort_value`, `name`, `path`, `component`, `redirect`, `icon`, `authority`, `type`, `deleted`, `hide`, `href`) VALUES (1518129301151547409, '2022-04-24 15:26:46', 0, '2022-04-24 15:26:46', 0, '修改菜单', 1518129301151547406, 3, NULL, NULL, NULL, NULL, NULL, 'sys:menu:update', 'RESOURCE', b'0', b'0', NULL);
INSERT INTO `sys_menu` (`id`, `create_time`, `created_by`, `update_time`, `updated_by`, `label`, `parent_id`, `sort_value`, `name`, `path`, `component`, `redirect`, `icon`, `authority`, `type`, `deleted`, `hide`, `href`) VALUES (1518129301151547410, '2022-04-24 15:26:46', 0, '2022-04-24 15:26:46', 0, '删除菜单', 1518129301151547406, 4, NULL, NULL, NULL, NULL, NULL, 'sys:menu:delete', 'RESOURCE', b'0', b'0', NULL);
INSERT INTO `sys_menu` (`id`, `create_time`, `created_by`, `update_time`, `updated_by`, `label`, `parent_id`, `sort_value`, `name`, `path`, `component`, `redirect`, `icon`, `authority`, `type`, `deleted`, `hide`, `href`) VALUES (1518129301151547411, '2022-04-24 15:26:46', 0, '2022-04-24 15:26:46', 0, '操作日志', 1518129301151547395, 4, 'system_optLog', '/system/optLog', 'basic', NULL, 'carbon:flow-logs-vpc', '', 'MENU', b'0', b'0', NULL);
INSERT INTO `sys_menu` (`id`, `create_time`, `created_by`, `update_time`, `updated_by`, `label`, `parent_id`, `sort_value`, `name`, `path`, `component`, `redirect`, `icon`, `authority`, `type`, `deleted`, `hide`, `href`) VALUES (1518129301151547412, '2022-04-24 15:26:46', 0, '2022-04-24 15:26:46', 0, '查看操作日志', 1518129301151547411, 1, NULL, NULL, NULL, NULL, NULL, 'sys:optLog:view', 'RESOURCE', b'0', b'0', NULL);
INSERT INTO `sys_menu` (`id`, `create_time`, `created_by`, `update_time`, `updated_by`, `label`, `parent_id`, `sort_value`, `name`, `path`, `component`, `redirect`, `icon`, `authority`, `type`, `deleted`, `hide`, `href`) VALUES (1518129301151547413, '2022-04-24 15:26:46', 0, '2022-04-24 15:26:46', 0, '登录日志', 1518129301151547395, 5, 'system_loginLog', '/system/loginLog', 'basic', NULL, 'carbon:flow-logs-vpc', '', 'MENU', b'0', b'0', NULL);
INSERT INTO `sys_menu` (`id`, `create_time`, `created_by`, `update_time`, `updated_by`, `label`, `parent_id`, `sort_value`, `name`, `path`, `component`, `redirect`, `icon`, `authority`, `type`, `deleted`, `hide`, `href`) VALUES (1518129301151547414, '2022-04-24 15:26:46', 0, '2022-04-24 15:26:46', 0, '查看登录日志', 1518129301151547413, 1, NULL, NULL, NULL, NULL, NULL, 'sys:loginLog:view', 'RESOURCE', b'0', b'0', NULL);
INSERT INTO `sys_menu` (`id`, `create_time`, `created_by`, `update_time`, `updated_by`, `label`, `parent_id`, `sort_value`, `name`, `path`, `component`, `redirect`, `icon`, `authority`, `type`, `deleted`, `hide`, `href`) VALUES (1518129301151547415, '2022-04-24 15:26:46', 0, '2022-04-24 15:26:46', 0, '文件管理', 1518129301151547395, 6, 'system_file', '/system/file', 'basic', NULL, 'ic:baseline-file-copy', '', 'MENU', b'0', b'0', NULL);
INSERT INTO `sys_menu` (`id`, `create_time`, `created_by`, `update_time`, `updated_by`, `label`, `parent_id`, `sort_value`, `name`, `path`, `component`, `redirect`, `icon`, `authority`, `type`, `deleted`, `hide`, `href`) VALUES (1518129301151547416, '2022-04-24 15:26:46', 0, '2022-04-24 15:26:46', 0, '查看文件', 1518129301151547415, 1, NULL, NULL, NULL, NULL, NULL, 'sys:file:view', 'RESOURCE', b'0', b'0', NULL);
INSERT INTO `sys_menu` (`id`, `create_time`, `created_by`, `update_time`, `updated_by`, `label`, `parent_id`, `sort_value`, `name`, `path`, `component`, `redirect`, `icon`, `authority`, `type`, `deleted`, `hide`, `href`) VALUES (1518129301151547417, '2022-04-24 15:26:46', 0, '2022-04-24 15:26:46', 0, '上传文件', 1518129301151547415, 2, NULL, NULL, NULL, NULL, NULL, 'sys:file:save', 'RESOURCE', b'0', b'0', NULL);
INSERT INTO `sys_menu` (`id`, `create_time`, `created_by`, `update_time`, `updated_by`, `label`, `parent_id`, `sort_value`, `name`, `path`, `component`, `redirect`, `icon`, `authority`, `type`, `deleted`, `hide`, `href`) VALUES (1518129301151547418, '2022-04-24 15:26:46', 0, '2022-04-24 15:26:46', 0, '下载文件', 1518129301151547415, 3, NULL, NULL, NULL, NULL, NULL, 'sys:file:export', 'RESOURCE', b'0', b'0', NULL);
INSERT INTO `sys_menu` (`id`, `create_time`, `created_by`, `update_time`, `updated_by`, `label`, `parent_id`, `sort_value`, `name`, `path`, `component`, `redirect`, `icon`, `authority`, `type`, `deleted`, `hide`, `href`) VALUES (1518129301151547419, '2022-04-24 15:26:46', 0, '2022-04-24 15:26:46', 0, '删除文件', 1518129301151547415, 4, NULL, NULL, NULL, NULL, NULL, 'sys:file:delete', 'RESOURCE', b'0', b'0', NULL);
INSERT INTO `sys_menu` (`id`, `create_time`, `created_by`, `update_time`, `updated_by`, `label`, `parent_id`, `sort_value`, `name`, `path`, `component`, `redirect`, `icon`, `authority`, `type`, `deleted`, `hide`, `href`) VALUES (1518129301151547420, '2022-04-24 15:26:46', 0, '2022-04-24 15:26:46', 0, '数据字典', 1518129301151547395, 7, 'system_dict', '/system/dict', 'basic', NULL, 'arcticons:colordict', '', 'MENU', b'0', b'0', NULL);
INSERT INTO `sys_menu` (`id`, `create_time`, `created_by`, `update_time`, `updated_by`, `label`, `parent_id`, `sort_value`, `name`, `path`, `component`, `redirect`, `icon`, `authority`, `type`, `deleted`, `hide`, `href`) VALUES (1518129301151547421, '2022-04-24 15:26:46', 0, '2022-04-24 15:26:46', 0, '查看字典', 1518129301151547420, 1, NULL, NULL, NULL, NULL, NULL, 'sys:dict:view', 'RESOURCE', b'0', b'0', NULL);
INSERT INTO `sys_menu` (`id`, `create_time`, `created_by`, `update_time`, `updated_by`, `label`, `parent_id`, `sort_value`, `name`, `path`, `component`, `redirect`, `icon`, `authority`, `type`, `deleted`, `hide`, `href`) VALUES (1518129301151547422, '2022-04-24 15:26:46', 0, '2022-04-24 15:26:46', 0, '新增字典', 1518129301151547420, 2, NULL, NULL, NULL, NULL, NULL, 'sys:dict:save', 'RESOURCE', b'0', b'0', NULL);
INSERT INTO `sys_menu` (`id`, `create_time`, `created_by`, `update_time`, `updated_by`, `label`, `parent_id`, `sort_value`, `name`, `path`, `component`, `redirect`, `icon`, `authority`, `type`, `deleted`, `hide`, `href`) VALUES (1518129301151547423, '2022-04-24 15:26:46', 0, '2022-04-24 15:26:46', 0, '修改字典', 1518129301151547420, 3, NULL, NULL, NULL, NULL, NULL, 'sys:dict:update', 'RESOURCE', b'0', b'0', NULL);
INSERT INTO `sys_menu` (`id`, `create_time`, `created_by`, `update_time`, `updated_by`, `label`, `parent_id`, `sort_value`, `name`, `path`, `component`, `redirect`, `icon`, `authority`, `type`, `deleted`, `hide`, `href`) VALUES (1518129301151547424, '2022-04-24 15:26:46', 0, '2022-04-24 15:26:46', 0, '删除字典', 1518129301151547420, 4, NULL, NULL, NULL, NULL, NULL, 'sys:dict:delete', 'RESOURCE', b'0', b'0', NULL);
INSERT INTO `sys_menu` (`id`, `create_time`, `created_by`, `update_time`, `updated_by`, `label`, `parent_id`, `sort_value`, `name`, `path`, `component`, `redirect`, `icon`, `authority`, `type`, `deleted`, `hide`, `href`) VALUES (1518129301151547425, '2022-04-24 15:26:46', 0, '2022-04-24 15:26:46', 0, '查看字典项', 1518129301151547420, 5, NULL, NULL, NULL, NULL, NULL, 'sys:dictItem:view', 'RESOURCE', b'0', b'0', NULL);
INSERT INTO `sys_menu` (`id`, `create_time`, `created_by`, `update_time`, `updated_by`, `label`, `parent_id`, `sort_value`, `name`, `path`, `component`, `redirect`, `icon`, `authority`, `type`, `deleted`, `hide`, `href`) VALUES (1518129301151547426, '2022-04-24 15:26:46', 0, '2022-04-24 15:26:46', 0, '新增字典项', 1518129301151547420, 6, NULL, NULL, NULL, NULL, NULL, 'sys:dictItem:save', 'RESOURCE', b'0', b'0', NULL);
INSERT INTO `sys_menu` (`id`, `create_time`, `created_by`, `update_time`, `updated_by`, `label`, `parent_id`, `sort_value`, `name`, `path`, `component`, `redirect`, `icon`, `authority`, `type`, `deleted`, `hide`, `href`) VALUES (1518129301151547427, '2022-04-24 15:26:46', 0, '2022-04-24 15:26:46', 0, '修改字典项', 1518129301151547420, 7, NULL, NULL, NULL, NULL, NULL, 'sys:dictItem:update', 'RESOURCE', b'0', b'0', NULL);
INSERT INTO `sys_menu` (`id`, `create_time`, `created_by`, `update_time`, `updated_by`, `label`, `parent_id`, `sort_value`, `name`, `path`, `component`, `redirect`, `icon`, `authority`, `type`, `deleted`, `hide`, `href`) VALUES (1518129301151547428, '2022-04-24 15:26:46', 0, '2022-04-24 15:26:46', 0, '删除字典项', 1518129301151547420, 8, NULL, NULL, NULL, NULL, NULL, 'sys:dictItem:delete', 'RESOURCE', b'0', b'0', NULL);


-- 初始化角色
INSERT INTO `sys_role` (`id`, `create_time`, `created_by`, `update_time`, `updated_by`, `name`, `code`, `describe_`, `deleted`) VALUES (1518129310555176960, '2022-04-24 15:26:48', 0, '2022-04-24 15:26:48', 0, '超级管理员', 'SUPER_ADMIN', '超级管理员，拥有至高无上的权利', b'0');
INSERT INTO `sys_role` (`id`, `create_time`, `created_by`, `update_time`, `updated_by`, `name`, `code`, `describe_`, `deleted`) VALUES (1518129310555176961, '2022-04-24 15:26:48', 0, '2022-04-24 15:26:48', 0, '管理员', 'ADMIN', '管理员，拥有99%的权利', b'0');
INSERT INTO `sys_role` (`id`, `create_time`, `created_by`, `update_time`, `updated_by`, `name`, `code`, `describe_`, `deleted`) VALUES (1518129310555176962, '2022-04-24 15:26:48', 0, '2022-04-24 15:26:48', 0, '普通用户', 'USER', '普通用户，拥有管理员赋予的权利', b'0');


-- 初始化角色_菜单
INSERT INTO `sys_role_menu` (`id`, `create_time`, `created_by`, `role_id`, `menu_id`) VALUES (1518129312081903616, '2022-04-24 15:26:48', 0, 1518129310555176960, 1518129301151547392);
INSERT INTO `sys_role_menu` (`id`, `create_time`, `created_by`, `role_id`, `menu_id`) VALUES (1518129312094486528, '2022-04-24 15:26:48', 0, 1518129310555176960, 1518129301151547393);
INSERT INTO `sys_role_menu` (`id`, `create_time`, `created_by`, `role_id`, `menu_id`) VALUES (1518129312094486529, '2022-04-24 15:26:48', 0, 1518129310555176960, 1518129301151547394);
INSERT INTO `sys_role_menu` (`id`, `create_time`, `created_by`, `role_id`, `menu_id`) VALUES (1518129312094486530, '2022-04-24 15:26:48', 0, 1518129310555176960, 1518129301151547395);
INSERT INTO `sys_role_menu` (`id`, `create_time`, `created_by`, `role_id`, `menu_id`) VALUES (1518129312098680832, '2022-04-24 15:26:48', 0, 1518129310555176960, 1518129301151547396);
INSERT INTO `sys_role_menu` (`id`, `create_time`, `created_by`, `role_id`, `menu_id`) VALUES (1518129312098680833, '2022-04-24 15:26:48', 0, 1518129310555176960, 1518129301151547397);
INSERT INTO `sys_role_menu` (`id`, `create_time`, `created_by`, `role_id`, `menu_id`) VALUES (1518129312102875136, '2022-04-24 15:26:48', 0, 1518129310555176960, 1518129301151547398);
INSERT INTO `sys_role_menu` (`id`, `create_time`, `created_by`, `role_id`, `menu_id`) VALUES (1518129312102875137, '2022-04-24 15:26:48', 0, 1518129310555176960, 1518129301151547399);
INSERT INTO `sys_role_menu` (`id`, `create_time`, `created_by`, `role_id`, `menu_id`) VALUES (1518129312102875138, '2022-04-24 15:26:48', 0, 1518129310555176960, 1518129301151547400);
INSERT INTO `sys_role_menu` (`id`, `create_time`, `created_by`, `role_id`, `menu_id`) VALUES (1518129312107069440, '2022-04-24 15:26:48', 0, 1518129310555176960, 1518129301151547401);
INSERT INTO `sys_role_menu` (`id`, `create_time`, `created_by`, `role_id`, `menu_id`) VALUES (1518129312107069441, '2022-04-24 15:26:48', 0, 1518129310555176960, 1518129301151547402);
INSERT INTO `sys_role_menu` (`id`, `create_time`, `created_by`, `role_id`, `menu_id`) VALUES (1518129312111263744, '2022-04-24 15:26:48', 0, 1518129310555176960, 1518129301151547403);
INSERT INTO `sys_role_menu` (`id`, `create_time`, `created_by`, `role_id`, `menu_id`) VALUES (1518129312111263745, '2022-04-24 15:26:48', 0, 1518129310555176960, 1518129301151547404);
INSERT INTO `sys_role_menu` (`id`, `create_time`, `created_by`, `role_id`, `menu_id`) VALUES (1518129312111263746, '2022-04-24 15:26:48', 0, 1518129310555176960, 1518129301151547405);
INSERT INTO `sys_role_menu` (`id`, `create_time`, `created_by`, `role_id`, `menu_id`) VALUES (1518129312115458048, '2022-04-24 15:26:48', 0, 1518129310555176960, 1518129301151547406);
INSERT INTO `sys_role_menu` (`id`, `create_time`, `created_by`, `role_id`, `menu_id`) VALUES (1518129312115458049, '2022-04-24 15:26:48', 0, 1518129310555176960, 1518129301151547407);
INSERT INTO `sys_role_menu` (`id`, `create_time`, `created_by`, `role_id`, `menu_id`) VALUES (1518129312119652352, '2022-04-24 15:26:48', 0, 1518129310555176960, 1518129301151547408);
INSERT INTO `sys_role_menu` (`id`, `create_time`, `created_by`, `role_id`, `menu_id`) VALUES (1518129312119652353, '2022-04-24 15:26:48', 0, 1518129310555176960, 1518129301151547409);
INSERT INTO `sys_role_menu` (`id`, `create_time`, `created_by`, `role_id`, `menu_id`) VALUES (1518129312123846656, '2022-04-24 15:26:48', 0, 1518129310555176960, 1518129301151547410);
INSERT INTO `sys_role_menu` (`id`, `create_time`, `created_by`, `role_id`, `menu_id`) VALUES (1518129312123846657, '2022-04-24 15:26:48', 0, 1518129310555176960, 1518129301151547411);
INSERT INTO `sys_role_menu` (`id`, `create_time`, `created_by`, `role_id`, `menu_id`) VALUES (1518129312123846658, '2022-04-24 15:26:48', 0, 1518129310555176960, 1518129301151547412);
INSERT INTO `sys_role_menu` (`id`, `create_time`, `created_by`, `role_id`, `menu_id`) VALUES (1518129312128040960, '2022-04-24 15:26:48', 0, 1518129310555176960, 1518129301151547413);
INSERT INTO `sys_role_menu` (`id`, `create_time`, `created_by`, `role_id`, `menu_id`) VALUES (1518129312128040961, '2022-04-24 15:26:48', 0, 1518129310555176960, 1518129301151547414);
INSERT INTO `sys_role_menu` (`id`, `create_time`, `created_by`, `role_id`, `menu_id`) VALUES (1518129312128040962, '2022-04-24 15:26:48', 0, 1518129310555176960, 1518129301151547415);
INSERT INTO `sys_role_menu` (`id`, `create_time`, `created_by`, `role_id`, `menu_id`) VALUES (1518129312132235264, '2022-04-24 15:26:48', 0, 1518129310555176960, 1518129301151547416);
INSERT INTO `sys_role_menu` (`id`, `create_time`, `created_by`, `role_id`, `menu_id`) VALUES (1518129312132235265, '2022-04-24 15:26:48', 0, 1518129310555176960, 1518129301151547417);
INSERT INTO `sys_role_menu` (`id`, `create_time`, `created_by`, `role_id`, `menu_id`) VALUES (1518129312132235266, '2022-04-24 15:26:48', 0, 1518129310555176960, 1518129301151547418);
INSERT INTO `sys_role_menu` (`id`, `create_time`, `created_by`, `role_id`, `menu_id`) VALUES (1518129312136429568, '2022-04-24 15:26:48', 0, 1518129310555176960, 1518129301151547419);
INSERT INTO `sys_role_menu` (`id`, `create_time`, `created_by`, `role_id`, `menu_id`) VALUES (1518129312136429569, '2022-04-24 15:26:48', 0, 1518129310555176960, 1518129301151547420);
INSERT INTO `sys_role_menu` (`id`, `create_time`, `created_by`, `role_id`, `menu_id`) VALUES (1518129312140623872, '2022-04-24 15:26:48', 0, 1518129310555176960, 1518129301151547421);
INSERT INTO `sys_role_menu` (`id`, `create_time`, `created_by`, `role_id`, `menu_id`) VALUES (1518129312140623873, '2022-04-24 15:26:48', 0, 1518129310555176960, 1518129301151547422);
INSERT INTO `sys_role_menu` (`id`, `create_time`, `created_by`, `role_id`, `menu_id`) VALUES (1518129312140623874, '2022-04-24 15:26:48', 0, 1518129310555176960, 1518129301151547423);
INSERT INTO `sys_role_menu` (`id`, `create_time`, `created_by`, `role_id`, `menu_id`) VALUES (1518129312144818176, '2022-04-24 15:26:48', 0, 1518129310555176960, 1518129301151547424);
INSERT INTO `sys_role_menu` (`id`, `create_time`, `created_by`, `role_id`, `menu_id`) VALUES (1518129312144818177, '2022-04-24 15:26:48', 0, 1518129310555176960, 1518129301151547425);
INSERT INTO `sys_role_menu` (`id`, `create_time`, `created_by`, `role_id`, `menu_id`) VALUES (1518129312144818178, '2022-04-24 15:26:48', 0, 1518129310555176960, 1518129301151547426);
INSERT INTO `sys_role_menu` (`id`, `create_time`, `created_by`, `role_id`, `menu_id`) VALUES (1518129312149012480, '2022-04-24 15:26:48', 0, 1518129310555176960, 1518129301151547427);
INSERT INTO `sys_role_menu` (`id`, `create_time`, `created_by`, `role_id`, `menu_id`) VALUES (1518129312149012481, '2022-04-24 15:26:48', 0, 1518129310555176960, 1518129301151547428);


-- 初始化用户  账号：zetaAdmin  密码：admin
INSERT INTO `sys_user` (`id`, `create_time`, `created_by`, `update_time`, `updated_by`, `username`, `account`, `password`, `email`, `mobile`, `sex`, `avatar`, `birthday`, `readonly_`, `state`, `deleted`) VALUES (1518129317769379840, '2022-04-24 15:26:50', 0, '2022-04-24 15:26:50', 0, 'zeta管理员', 'zetaAdmin', '$2a$10$h4Zt0noCH3D1BPfXKcTMoug4kTY05t3eJXCImKw3bgKaIWRh.nJ/G', NULL, NULL, 1, NULL, NULL, b'1', 0, b'0');


-- 初始化用户_角色
INSERT INTO `sys_user_role` (`id`, `create_time`, `created_by`, `user_id`, `role_id`) VALUES (1518129319593902080, '2022-04-24 15:26:50', 0, 1518129317769379840, 1518129310555176960);


-- 初始化字典
INSERT INTO `sys_dict` (`id`, `create_time`, `created_by`, `update_time`, `updated_by`, `name`, `code`, `describe_`, `sort_value`, `deleted`) VALUES (1514793150437130240, '2022-04-15 10:30:05', 1513812728576212992, '2022-04-15 10:30:05', 1513812728576212992, '设备状态', 'device_status', '设备运行状态', 1, b'0');


-- 初始化字典项
INSERT INTO `sys_dict_item` (`id`, `create_time`, `created_by`, `update_time`, `updated_by`, `dict_id`, `name`, `value`, `describe_`, `sort_value`, `deleted`) VALUES (1514793655058038784, '2022-04-15 10:32:06', 1513812728576212992, '2022-04-15 10:32:06', 1513812728576212992, 1514793150437130240, '运行', 'RUNNING', '设备正在运行', 1, b'0');
INSERT INTO `sys_dict_item` (`id`, `create_time`, `created_by`, `update_time`, `updated_by`, `dict_id`, `name`, `value`, `describe_`, `sort_value`, `deleted`) VALUES (1514793952320946176, '2022-04-15 10:33:16', 1513812728576212992, '2022-04-15 10:45:27', 1513812728576212992, 1514793150437130240, '停止', 'WAITING', '设备已停止', 2, b'0');
