-- 注意：
-- 因为项目暂时没有前端，菜单表字段暂时未确定，可能还会有几次字段变动。请见谅 (￣ε(#￣)☆╰╮o(￣皿￣///)

-- 初始化菜单
INSERT INTO `sys_menu` (`id`, `create_time`, `created_by`, `update_time`, `updated_by`, `label`, `parent_id`, `sort_value`, `name`, `path`, `redirect`, `component`, `icon`, `hide`, `authority`, `type`, `deleted`, `requires_auth`, `href`) VALUES (1513812716739887104, '2022-04-12 17:34:12', 0, '2022-04-12 17:34:12', 0, '系统管理', 0, 1, 'system', '/system', NULL, 'basic', NULL, b'0', '', 'MENU', b'0', b'1', NULL);
INSERT INTO `sys_menu` (`id`, `create_time`, `created_by`, `update_time`, `updated_by`, `label`, `parent_id`, `sort_value`, `name`, `path`, `redirect`, `component`, `icon`, `hide`, `authority`, `type`, `deleted`, `requires_auth`, `href`) VALUES (1513812716744081408, '2022-04-12 17:34:12', 0, '2022-04-12 17:34:12', 0, '用户管理', 1513812716739887104, 1, 'system_user', '/system/user', NULL, 'self', NULL, b'0', '', 'MENU', b'0', b'1', NULL);
INSERT INTO `sys_menu` (`id`, `create_time`, `created_by`, `update_time`, `updated_by`, `label`, `parent_id`, `sort_value`, `name`, `path`, `redirect`, `component`, `icon`, `hide`, `authority`, `type`, `deleted`, `requires_auth`, `href`) VALUES (1513812716744081409, '2022-04-12 17:34:12', 0, '2022-04-12 17:34:12', 0, '查看用户', 1513812716744081408, 1, NULL, NULL, NULL, NULL, NULL, b'0', 'sys:user:view', 'RESOURCE', b'0', b'1', NULL);
INSERT INTO `sys_menu` (`id`, `create_time`, `created_by`, `update_time`, `updated_by`, `label`, `parent_id`, `sort_value`, `name`, `path`, `redirect`, `component`, `icon`, `hide`, `authority`, `type`, `deleted`, `requires_auth`, `href`) VALUES (1513812716744081410, '2022-04-12 17:34:12', 0, '2022-04-12 17:34:12', 0, '新增用户', 1513812716744081408, 2, NULL, NULL, NULL, NULL, NULL, b'0', 'sys:user:save', 'RESOURCE', b'0', b'1', NULL);
INSERT INTO `sys_menu` (`id`, `create_time`, `created_by`, `update_time`, `updated_by`, `label`, `parent_id`, `sort_value`, `name`, `path`, `redirect`, `component`, `icon`, `hide`, `authority`, `type`, `deleted`, `requires_auth`, `href`) VALUES (1513812716744081411, '2022-04-12 17:34:12', 0, '2022-04-12 17:34:12', 0, '修改用户', 1513812716744081408, 3, NULL, NULL, NULL, NULL, NULL, b'0', 'sys:user:update', 'RESOURCE', b'0', b'1', NULL);
INSERT INTO `sys_menu` (`id`, `create_time`, `created_by`, `update_time`, `updated_by`, `label`, `parent_id`, `sort_value`, `name`, `path`, `redirect`, `component`, `icon`, `hide`, `authority`, `type`, `deleted`, `requires_auth`, `href`) VALUES (1513812716744081412, '2022-04-12 17:34:12', 0, '2022-04-12 17:34:12', 0, '删除用户', 1513812716744081408, 4, NULL, NULL, NULL, NULL, NULL, b'0', 'sys:user:delete', 'RESOURCE', b'0', b'1', NULL);
INSERT INTO `sys_menu` (`id`, `create_time`, `created_by`, `update_time`, `updated_by`, `label`, `parent_id`, `sort_value`, `name`, `path`, `redirect`, `component`, `icon`, `hide`, `authority`, `type`, `deleted`, `requires_auth`, `href`) VALUES (1513812716744081413, '2022-04-12 17:34:12', 0, '2022-04-12 17:34:12', 0, '角色管理', 1513812716739887104, 2, 'system_role', '/system/role', NULL, 'self', NULL, b'0', '', 'MENU', b'0', b'1', NULL);
INSERT INTO `sys_menu` (`id`, `create_time`, `created_by`, `update_time`, `updated_by`, `label`, `parent_id`, `sort_value`, `name`, `path`, `redirect`, `component`, `icon`, `hide`, `authority`, `type`, `deleted`, `requires_auth`, `href`) VALUES (1513812716744081414, '2022-04-12 17:34:12', 0, '2022-04-12 17:34:12', 0, '查看角色', 1513812716744081413, 1, NULL, NULL, NULL, NULL, NULL, b'0', 'sys:role:view', 'RESOURCE', b'0', b'1', NULL);
INSERT INTO `sys_menu` (`id`, `create_time`, `created_by`, `update_time`, `updated_by`, `label`, `parent_id`, `sort_value`, `name`, `path`, `redirect`, `component`, `icon`, `hide`, `authority`, `type`, `deleted`, `requires_auth`, `href`) VALUES (1513812716744081415, '2022-04-12 17:34:12', 0, '2022-04-12 17:34:12', 0, '新增角色', 1513812716744081413, 2, NULL, NULL, NULL, NULL, NULL, b'0', 'sys:role:save', 'RESOURCE', b'0', b'1', NULL);
INSERT INTO `sys_menu` (`id`, `create_time`, `created_by`, `update_time`, `updated_by`, `label`, `parent_id`, `sort_value`, `name`, `path`, `redirect`, `component`, `icon`, `hide`, `authority`, `type`, `deleted`, `requires_auth`, `href`) VALUES (1513812716744081416, '2022-04-12 17:34:12', 0, '2022-04-12 17:34:12', 0, '修改角色', 1513812716744081413, 3, NULL, NULL, NULL, NULL, NULL, b'0', 'sys:role:update', 'RESOURCE', b'0', b'1', NULL);
INSERT INTO `sys_menu` (`id`, `create_time`, `created_by`, `update_time`, `updated_by`, `label`, `parent_id`, `sort_value`, `name`, `path`, `redirect`, `component`, `icon`, `hide`, `authority`, `type`, `deleted`, `requires_auth`, `href`) VALUES (1513812716744081417, '2022-04-12 17:34:12', 0, '2022-04-12 17:34:12', 0, '删除角色', 1513812716744081413, 4, NULL, NULL, NULL, NULL, NULL, b'0', 'sys:role:delete', 'RESOURCE', b'0', b'1', NULL);
INSERT INTO `sys_menu` (`id`, `create_time`, `created_by`, `update_time`, `updated_by`, `label`, `parent_id`, `sort_value`, `name`, `path`, `redirect`, `component`, `icon`, `hide`, `authority`, `type`, `deleted`, `requires_auth`, `href`) VALUES (1513812716744081418, '2022-04-12 17:34:12', 0, '2022-04-12 17:34:12', 0, '菜单管理', 1513812716739887104, 3, 'system_menu', '/system/menu', NULL, 'self', NULL, b'0', '', 'MENU', b'0', b'1', NULL);
INSERT INTO `sys_menu` (`id`, `create_time`, `created_by`, `update_time`, `updated_by`, `label`, `parent_id`, `sort_value`, `name`, `path`, `redirect`, `component`, `icon`, `hide`, `authority`, `type`, `deleted`, `requires_auth`, `href`) VALUES (1513812716744081419, '2022-04-12 17:34:12', 0, '2022-04-12 17:34:12', 0, '查看角色', 1513812716744081418, 1, NULL, NULL, NULL, NULL, NULL, b'0', 'sys:menu:view', 'RESOURCE', b'0', b'1', NULL);
INSERT INTO `sys_menu` (`id`, `create_time`, `created_by`, `update_time`, `updated_by`, `label`, `parent_id`, `sort_value`, `name`, `path`, `redirect`, `component`, `icon`, `hide`, `authority`, `type`, `deleted`, `requires_auth`, `href`) VALUES (1513812716744081420, '2022-04-12 17:34:12', 0, '2022-04-12 17:34:12', 0, '新增角色', 1513812716744081418, 2, NULL, NULL, NULL, NULL, NULL, b'0', 'sys:menu:save', 'RESOURCE', b'0', b'1', NULL);
INSERT INTO `sys_menu` (`id`, `create_time`, `created_by`, `update_time`, `updated_by`, `label`, `parent_id`, `sort_value`, `name`, `path`, `redirect`, `component`, `icon`, `hide`, `authority`, `type`, `deleted`, `requires_auth`, `href`) VALUES (1513812716744081421, '2022-04-12 17:34:12', 0, '2022-04-12 17:34:12', 0, '修改角色', 1513812716744081418, 3, NULL, NULL, NULL, NULL, NULL, b'0', 'sys:menu:update', 'RESOURCE', b'0', b'1', NULL);
INSERT INTO `sys_menu` (`id`, `create_time`, `created_by`, `update_time`, `updated_by`, `label`, `parent_id`, `sort_value`, `name`, `path`, `redirect`, `component`, `icon`, `hide`, `authority`, `type`, `deleted`, `requires_auth`, `href`) VALUES (1513812716744081422, '2022-04-12 17:34:12', 0, '2022-04-12 17:34:12', 0, '删除角色', 1513812716744081418, 4, NULL, NULL, NULL, NULL, NULL, b'0', 'sys:menu:delete', 'RESOURCE', b'0', b'1', NULL);
INSERT INTO `sys_menu` (`id`, `create_time`, `created_by`, `update_time`, `updated_by`, `label`, `parent_id`, `sort_value`, `name`, `path`, `redirect`, `component`, `icon`, `hide`, `authority`, `type`, `deleted`, `requires_auth`, `href`) VALUES (1513812716744081423, '2022-04-12 17:34:12', 0, '2022-04-12 17:34:12', 0, '操作日志', 1513812716739887104, 4, 'system_optLog', '/system/optLog', NULL, 'self', NULL, b'0', '', 'MENU', b'0', b'1', NULL);
INSERT INTO `sys_menu` (`id`, `create_time`, `created_by`, `update_time`, `updated_by`, `label`, `parent_id`, `sort_value`, `name`, `path`, `redirect`, `component`, `icon`, `hide`, `authority`, `type`, `deleted`, `requires_auth`, `href`) VALUES (1513812716744081424, '2022-04-12 17:34:12', 0, '2022-04-12 17:34:12', 0, '查看操作日志', 1513812716744081423, 1, NULL, NULL, NULL, NULL, NULL, b'0', 'sys:optLog:view', 'RESOURCE', b'0', b'1', NULL);
INSERT INTO `sys_menu` (`id`, `create_time`, `created_by`, `update_time`, `updated_by`, `label`, `parent_id`, `sort_value`, `name`, `path`, `redirect`, `component`, `icon`, `hide`, `authority`, `type`, `deleted`, `requires_auth`, `href`) VALUES (1513812716744081425, '2022-04-12 17:34:12', 0, '2022-04-12 17:34:12', 0, '登录日志', 1513812716739887104, 5, 'system_loginLog', '/system/loginLog', NULL, 'self', NULL, b'0', '', 'MENU', b'0', b'1', NULL);
INSERT INTO `sys_menu` (`id`, `create_time`, `created_by`, `update_time`, `updated_by`, `label`, `parent_id`, `sort_value`, `name`, `path`, `redirect`, `component`, `icon`, `hide`, `authority`, `type`, `deleted`, `requires_auth`, `href`) VALUES (1513812716744081426, '2022-04-12 17:34:12', 0, '2022-04-12 17:34:12', 0, '查看登录日志', 1513812716744081425, 1, NULL, NULL, NULL, NULL, NULL, b'0', 'sys:loginLog:view', 'RESOURCE', b'0', b'1', NULL);
INSERT INTO `sys_menu` (`id`, `create_time`, `created_by`, `update_time`, `updated_by`, `label`, `parent_id`, `sort_value`, `name`, `path`, `redirect`, `component`, `icon`, `hide`, `authority`, `type`, `deleted`, `requires_auth`, `href`) VALUES (1513812716744081427, '2022-04-12 17:34:12', 0, '2022-04-12 17:34:12', 0, '文件管理', 1513812716739887104, 6, 'system_file', '/system/file', NULL, 'self', NULL, b'0', '', 'MENU', b'0', b'1', NULL);
INSERT INTO `sys_menu` (`id`, `create_time`, `created_by`, `update_time`, `updated_by`, `label`, `parent_id`, `sort_value`, `name`, `path`, `redirect`, `component`, `icon`, `hide`, `authority`, `type`, `deleted`, `requires_auth`, `href`) VALUES (1513812716744081428, '2022-04-12 17:34:12', 0, '2022-04-12 17:34:12', 0, '查看文件', 1513812716744081427, 1, NULL, NULL, NULL, NULL, NULL, b'0', 'sys:file:view', 'RESOURCE', b'0', b'1', NULL);
INSERT INTO `sys_menu` (`id`, `create_time`, `created_by`, `update_time`, `updated_by`, `label`, `parent_id`, `sort_value`, `name`, `path`, `redirect`, `component`, `icon`, `hide`, `authority`, `type`, `deleted`, `requires_auth`, `href`) VALUES (1513812716744081429, '2022-04-12 17:34:12', 0, '2022-04-12 17:34:12', 0, '上传文件', 1513812716744081427, 2, NULL, NULL, NULL, NULL, NULL, b'0', 'sys:file:save', 'RESOURCE', b'0', b'1', NULL);
INSERT INTO `sys_menu` (`id`, `create_time`, `created_by`, `update_time`, `updated_by`, `label`, `parent_id`, `sort_value`, `name`, `path`, `redirect`, `component`, `icon`, `hide`, `authority`, `type`, `deleted`, `requires_auth`, `href`) VALUES (1513812716744081430, '2022-04-12 17:34:12', 0, '2022-04-12 17:34:12', 0, '下载文件', 1513812716744081427, 3, NULL, NULL, NULL, NULL, NULL, b'0', 'sys:file:export', 'RESOURCE', b'0', b'1', NULL);
INSERT INTO `sys_menu` (`id`, `create_time`, `created_by`, `update_time`, `updated_by`, `label`, `parent_id`, `sort_value`, `name`, `path`, `redirect`, `component`, `icon`, `hide`, `authority`, `type`, `deleted`, `requires_auth`, `href`) VALUES (1513812716744081431, '2022-04-12 17:34:12', 0, '2022-04-12 17:34:12', 0, '删除文件', 1513812716744081427, 4, NULL, NULL, NULL, NULL, NULL, b'0', 'sys:file:delete', 'RESOURCE', b'0', b'1', NULL);


-- 初始化角色
INSERT INTO `sys_role` (`id`, `create_time`, `created_by`, `update_time`, `updated_by`, `name`, `code`, `describe_`, `deleted`) VALUES (1513812723689848832, '2022-04-12 17:34:13', 0, '2022-04-12 17:34:13', 0, '超级管理员', 'SUPER_ADMIN', '超级管理员，拥有至高无上的权利', b'0');
INSERT INTO `sys_role` (`id`, `create_time`, `created_by`, `update_time`, `updated_by`, `name`, `code`, `describe_`, `deleted`) VALUES (1513812723689848833, '2022-04-12 17:34:13', 0, '2022-04-12 17:34:13', 0, '管理员', 'ADMIN', '管理员，拥有99%的权利', b'0');
INSERT INTO `sys_role` (`id`, `create_time`, `created_by`, `update_time`, `updated_by`, `name`, `code`, `describe_`, `deleted`) VALUES (1513812723689848834, '2022-04-12 17:34:13', 0, '2022-04-12 17:34:13', 0, '普通用户', 'USER', '普通用户，拥有管理员赋予的权利', b'0');


-- 初始化角色_菜单
INSERT INTO `sys_role_menu` (`id`, `create_time`, `created_by`, `role_id`, `menu_id`) VALUES (1513812725023637504, '2022-04-12 17:34:14', 0, 1513812723689848832, 1513812716739887104);
INSERT INTO `sys_role_menu` (`id`, `create_time`, `created_by`, `role_id`, `menu_id`) VALUES (1513812725027831808, '2022-04-12 17:34:14', 0, 1513812723689848832, 1513812716744081408);
INSERT INTO `sys_role_menu` (`id`, `create_time`, `created_by`, `role_id`, `menu_id`) VALUES (1513812725027831809, '2022-04-12 17:34:14', 0, 1513812723689848832, 1513812716744081409);
INSERT INTO `sys_role_menu` (`id`, `create_time`, `created_by`, `role_id`, `menu_id`) VALUES (1513812725032026112, '2022-04-12 17:34:14', 0, 1513812723689848832, 1513812716744081410);
INSERT INTO `sys_role_menu` (`id`, `create_time`, `created_by`, `role_id`, `menu_id`) VALUES (1513812725032026113, '2022-04-12 17:34:14', 0, 1513812723689848832, 1513812716744081411);
INSERT INTO `sys_role_menu` (`id`, `create_time`, `created_by`, `role_id`, `menu_id`) VALUES (1513812725036220416, '2022-04-12 17:34:14', 0, 1513812723689848832, 1513812716744081412);
INSERT INTO `sys_role_menu` (`id`, `create_time`, `created_by`, `role_id`, `menu_id`) VALUES (1513812725036220417, '2022-04-12 17:34:14', 0, 1513812723689848832, 1513812716744081413);
INSERT INTO `sys_role_menu` (`id`, `create_time`, `created_by`, `role_id`, `menu_id`) VALUES (1513812725036220418, '2022-04-12 17:34:14', 0, 1513812723689848832, 1513812716744081414);
INSERT INTO `sys_role_menu` (`id`, `create_time`, `created_by`, `role_id`, `menu_id`) VALUES (1513812725040414720, '2022-04-12 17:34:14', 0, 1513812723689848832, 1513812716744081415);
INSERT INTO `sys_role_menu` (`id`, `create_time`, `created_by`, `role_id`, `menu_id`) VALUES (1513812725040414721, '2022-04-12 17:34:14', 0, 1513812723689848832, 1513812716744081416);
INSERT INTO `sys_role_menu` (`id`, `create_time`, `created_by`, `role_id`, `menu_id`) VALUES (1513812725044609024, '2022-04-12 17:34:14', 0, 1513812723689848832, 1513812716744081417);
INSERT INTO `sys_role_menu` (`id`, `create_time`, `created_by`, `role_id`, `menu_id`) VALUES (1513812725048803328, '2022-04-12 17:34:14', 0, 1513812723689848832, 1513812716744081418);
INSERT INTO `sys_role_menu` (`id`, `create_time`, `created_by`, `role_id`, `menu_id`) VALUES (1513812725048803329, '2022-04-12 17:34:14', 0, 1513812723689848832, 1513812716744081419);
INSERT INTO `sys_role_menu` (`id`, `create_time`, `created_by`, `role_id`, `menu_id`) VALUES (1513812725048803330, '2022-04-12 17:34:14', 0, 1513812723689848832, 1513812716744081420);
INSERT INTO `sys_role_menu` (`id`, `create_time`, `created_by`, `role_id`, `menu_id`) VALUES (1513812725052997632, '2022-04-12 17:34:14', 0, 1513812723689848832, 1513812716744081421);
INSERT INTO `sys_role_menu` (`id`, `create_time`, `created_by`, `role_id`, `menu_id`) VALUES (1513812725052997633, '2022-04-12 17:34:14', 0, 1513812723689848832, 1513812716744081422);
INSERT INTO `sys_role_menu` (`id`, `create_time`, `created_by`, `role_id`, `menu_id`) VALUES (1513812725057191936, '2022-04-12 17:34:14', 0, 1513812723689848832, 1513812716744081423);
INSERT INTO `sys_role_menu` (`id`, `create_time`, `created_by`, `role_id`, `menu_id`) VALUES (1513812725057191937, '2022-04-12 17:34:14', 0, 1513812723689848832, 1513812716744081424);
INSERT INTO `sys_role_menu` (`id`, `create_time`, `created_by`, `role_id`, `menu_id`) VALUES (1513812725057191938, '2022-04-12 17:34:14', 0, 1513812723689848832, 1513812716744081425);
INSERT INTO `sys_role_menu` (`id`, `create_time`, `created_by`, `role_id`, `menu_id`) VALUES (1513812725061386240, '2022-04-12 17:34:14', 0, 1513812723689848832, 1513812716744081426);
INSERT INTO `sys_role_menu` (`id`, `create_time`, `created_by`, `role_id`, `menu_id`) VALUES (1513812725061386241, '2022-04-12 17:34:14', 0, 1513812723689848832, 1513812716744081427);
INSERT INTO `sys_role_menu` (`id`, `create_time`, `created_by`, `role_id`, `menu_id`) VALUES (1513812725061386242, '2022-04-12 17:34:14', 0, 1513812723689848832, 1513812716744081428);
INSERT INTO `sys_role_menu` (`id`, `create_time`, `created_by`, `role_id`, `menu_id`) VALUES (1513812725065580544, '2022-04-12 17:34:14', 0, 1513812723689848832, 1513812716744081429);
INSERT INTO `sys_role_menu` (`id`, `create_time`, `created_by`, `role_id`, `menu_id`) VALUES (1513812725069774848, '2022-04-12 17:34:14', 0, 1513812723689848832, 1513812716744081430);
INSERT INTO `sys_role_menu` (`id`, `create_time`, `created_by`, `role_id`, `menu_id`) VALUES (1513812725073969152, '2022-04-12 17:34:14', 0, 1513812723689848832, 1513812716744081431);


-- 初始化用户  账号：zetaAdmin  密码：admin
INSERT INTO `sys_user` (`id`, `create_time`, `created_by`, `update_time`, `updated_by`, `username`, `account`, `password`, `email`, `mobile`, `sex`, `avatar`, `birthday`, `readonly_`, `state`, `deleted`) VALUES (1513812728576212992, '2022-04-12 17:34:15', 0, '2022-04-12 17:34:15', 0, 'zeta管理员', 'zetaAdmin', '$2a$10$TAOgu.oVzQ0Ki1dT/ydGEOh1y8T9jMn9QIbJ2RGeleFeDedjWlgtC', NULL, NULL, 1, NULL, NULL, b'1', 0, b'0');


-- 初始化用户_角色
INSERT INTO `sys_user_role` (`id`, `create_time`, `created_by`, `user_id`, `role_id`) VALUES (1513812730551730176, '2022-04-12 17:34:15', 0, 1513812728576212992, 1513812723689848832);

