-- 初始化菜单
INSERT INTO `sys_menu` (`id`, `create_time`, `created_by`, `update_time`, `updated_by`, `label`, `parent_id`, `sort_value`, `name`, `path`, `component`, `redirect`, `icon`, `authority`, `type`, `deleted`, `hide`, `keep_alive`, `href`) VALUES (1610517186869198848, '2023-01-04 14:03:14', 0, '2023-01-04 14:03:14', 0, 'dashboard', 0, 1, 'dashboard', '/dashboard', 'basic', NULL, 'carbon:dashboard', '', 'MENU', b'0', b'0', b'0', NULL);
INSERT INTO `sys_menu` (`id`, `create_time`, `created_by`, `update_time`, `updated_by`, `label`, `parent_id`, `sort_value`, `name`, `path`, `component`, `redirect`, `icon`, `authority`, `type`, `deleted`, `hide`, `keep_alive`, `href`) VALUES (1610517186873393152, '2023-01-04 14:03:14', 0, '2023-01-04 14:03:14', 0, '分析页', 1610517186869198848, 1, 'dashboard_analysis', '/dashboard/analysis', 'self', NULL, 'icon-park-outline:analysis', '', 'MENU', b'0', b'0', b'0', NULL);
INSERT INTO `sys_menu` (`id`, `create_time`, `created_by`, `update_time`, `updated_by`, `label`, `parent_id`, `sort_value`, `name`, `path`, `component`, `redirect`, `icon`, `authority`, `type`, `deleted`, `hide`, `keep_alive`, `href`) VALUES (1610517186873393153, '2023-01-04 14:03:14', 0, '2023-01-04 14:03:14', 0, '工作台', 1610517186869198848, 2, 'dashboard_workbench', '/dashboard/workbench', 'self', NULL, 'icon-park-outline:workbench', '', 'MENU', b'0', b'0', b'0', NULL);
INSERT INTO `sys_menu` (`id`, `create_time`, `created_by`, `update_time`, `updated_by`, `label`, `parent_id`, `sort_value`, `name`, `path`, `component`, `redirect`, `icon`, `authority`, `type`, `deleted`, `hide`, `keep_alive`, `href`) VALUES (1610517186873393154, '2023-01-04 14:03:14', 0, '2023-01-04 14:03:14', 0, '系统管理', 0, 2, 'system', '/system', 'basic', NULL, 'system-uicons:grid', '', 'MENU', b'0', b'0', b'0', NULL);
INSERT INTO `sys_menu` (`id`, `create_time`, `created_by`, `update_time`, `updated_by`, `label`, `parent_id`, `sort_value`, `name`, `path`, `component`, `redirect`, `icon`, `authority`, `type`, `deleted`, `hide`, `keep_alive`, `href`) VALUES (1610517186873393155, '2023-01-04 14:03:14', 0, '2023-01-04 14:03:14', 0, '用户管理', 1610517186873393154, 1, 'system_user', '/system/user', 'self', NULL, 'ph:user-duotone', '', 'MENU', b'0', b'0', b'0', NULL);
INSERT INTO `sys_menu` (`id`, `create_time`, `created_by`, `update_time`, `updated_by`, `label`, `parent_id`, `sort_value`, `name`, `path`, `component`, `redirect`, `icon`, `authority`, `type`, `deleted`, `hide`, `keep_alive`, `href`) VALUES (1610517186873393156, '2023-01-04 14:03:14', 0, '2023-01-04 14:03:14', 0, '查看用户', 1610517186873393155, 1, NULL, NULL, NULL, NULL, NULL, 'sys:user:view', 'RESOURCE', b'0', b'0', b'0', NULL);
INSERT INTO `sys_menu` (`id`, `create_time`, `created_by`, `update_time`, `updated_by`, `label`, `parent_id`, `sort_value`, `name`, `path`, `component`, `redirect`, `icon`, `authority`, `type`, `deleted`, `hide`, `keep_alive`, `href`) VALUES (1610517186873393157, '2023-01-04 14:03:14', 0, '2023-01-04 14:03:14', 0, '新增用户', 1610517186873393155, 2, NULL, NULL, NULL, NULL, NULL, 'sys:user:save', 'RESOURCE', b'0', b'0', b'0', NULL);
INSERT INTO `sys_menu` (`id`, `create_time`, `created_by`, `update_time`, `updated_by`, `label`, `parent_id`, `sort_value`, `name`, `path`, `component`, `redirect`, `icon`, `authority`, `type`, `deleted`, `hide`, `keep_alive`, `href`) VALUES (1610517186873393158, '2023-01-04 14:03:14', 0, '2023-01-04 14:03:14', 0, '修改用户', 1610517186873393155, 3, NULL, NULL, NULL, NULL, NULL, 'sys:user:update', 'RESOURCE', b'0', b'0', b'0', NULL);
INSERT INTO `sys_menu` (`id`, `create_time`, `created_by`, `update_time`, `updated_by`, `label`, `parent_id`, `sort_value`, `name`, `path`, `component`, `redirect`, `icon`, `authority`, `type`, `deleted`, `hide`, `keep_alive`, `href`) VALUES (1610517186873393159, '2023-01-04 14:03:14', 0, '2023-01-04 14:03:14', 0, '删除用户', 1610517186873393155, 4, NULL, NULL, NULL, NULL, NULL, 'sys:user:delete', 'RESOURCE', b'0', b'0', b'0', NULL);
INSERT INTO `sys_menu` (`id`, `create_time`, `created_by`, `update_time`, `updated_by`, `label`, `parent_id`, `sort_value`, `name`, `path`, `component`, `redirect`, `icon`, `authority`, `type`, `deleted`, `hide`, `keep_alive`, `href`) VALUES (1610517186873393160, '2023-01-04 14:03:14', 0, '2023-01-04 14:03:14', 0, '角色管理', 1610517186873393154, 2, 'system_role', '/system/role', 'self', NULL, 'carbon:user-role', '', 'MENU', b'0', b'0', b'0', NULL);
INSERT INTO `sys_menu` (`id`, `create_time`, `created_by`, `update_time`, `updated_by`, `label`, `parent_id`, `sort_value`, `name`, `path`, `component`, `redirect`, `icon`, `authority`, `type`, `deleted`, `hide`, `keep_alive`, `href`) VALUES (1610517186873393161, '2023-01-04 14:03:14', 0, '2023-01-04 14:03:14', 0, '查看角色', 1610517186873393160, 1, NULL, NULL, NULL, NULL, NULL, 'sys:role:view', 'RESOURCE', b'0', b'0', b'0', NULL);
INSERT INTO `sys_menu` (`id`, `create_time`, `created_by`, `update_time`, `updated_by`, `label`, `parent_id`, `sort_value`, `name`, `path`, `component`, `redirect`, `icon`, `authority`, `type`, `deleted`, `hide`, `keep_alive`, `href`) VALUES (1610517186873393162, '2023-01-04 14:03:14', 0, '2023-01-04 14:03:14', 0, '新增角色', 1610517186873393160, 2, NULL, NULL, NULL, NULL, NULL, 'sys:role:save', 'RESOURCE', b'0', b'0', b'0', NULL);
INSERT INTO `sys_menu` (`id`, `create_time`, `created_by`, `update_time`, `updated_by`, `label`, `parent_id`, `sort_value`, `name`, `path`, `component`, `redirect`, `icon`, `authority`, `type`, `deleted`, `hide`, `keep_alive`, `href`) VALUES (1610517186873393163, '2023-01-04 14:03:14', 0, '2023-01-04 14:03:14', 0, '修改角色', 1610517186873393160, 3, NULL, NULL, NULL, NULL, NULL, 'sys:role:update', 'RESOURCE', b'0', b'0', b'0', NULL);
INSERT INTO `sys_menu` (`id`, `create_time`, `created_by`, `update_time`, `updated_by`, `label`, `parent_id`, `sort_value`, `name`, `path`, `component`, `redirect`, `icon`, `authority`, `type`, `deleted`, `hide`, `keep_alive`, `href`) VALUES (1610517186873393164, '2023-01-04 14:03:14', 0, '2023-01-04 14:03:14', 0, '删除角色', 1610517186873393160, 4, NULL, NULL, NULL, NULL, NULL, 'sys:role:delete', 'RESOURCE', b'0', b'0', b'0', NULL);
INSERT INTO `sys_menu` (`id`, `create_time`, `created_by`, `update_time`, `updated_by`, `label`, `parent_id`, `sort_value`, `name`, `path`, `component`, `redirect`, `icon`, `authority`, `type`, `deleted`, `hide`, `keep_alive`, `href`) VALUES (1610517186873393165, '2023-01-04 14:03:14', 0, '2023-01-04 14:03:14', 0, '菜单管理', 1610517186873393154, 3, 'system_menu', '/system/menu', 'self', NULL, 'ic:sharp-menu', '', 'MENU', b'0', b'0', b'0', NULL);
INSERT INTO `sys_menu` (`id`, `create_time`, `created_by`, `update_time`, `updated_by`, `label`, `parent_id`, `sort_value`, `name`, `path`, `component`, `redirect`, `icon`, `authority`, `type`, `deleted`, `hide`, `keep_alive`, `href`) VALUES (1610517186873393166, '2023-01-04 14:03:14', 0, '2023-01-04 14:03:14', 0, '查看菜单', 1610517186873393165, 1, NULL, NULL, NULL, NULL, NULL, 'sys:menu:view', 'RESOURCE', b'0', b'0', b'0', NULL);
INSERT INTO `sys_menu` (`id`, `create_time`, `created_by`, `update_time`, `updated_by`, `label`, `parent_id`, `sort_value`, `name`, `path`, `component`, `redirect`, `icon`, `authority`, `type`, `deleted`, `hide`, `keep_alive`, `href`) VALUES (1610517186873393167, '2023-01-04 14:03:14', 0, '2023-01-04 14:03:14', 0, '新增菜单', 1610517186873393165, 2, NULL, NULL, NULL, NULL, NULL, 'sys:menu:save', 'RESOURCE', b'0', b'0', b'0', NULL);
INSERT INTO `sys_menu` (`id`, `create_time`, `created_by`, `update_time`, `updated_by`, `label`, `parent_id`, `sort_value`, `name`, `path`, `component`, `redirect`, `icon`, `authority`, `type`, `deleted`, `hide`, `keep_alive`, `href`) VALUES (1610517186873393168, '2023-01-04 14:03:14', 0, '2023-01-04 14:03:14', 0, '修改菜单', 1610517186873393165, 3, NULL, NULL, NULL, NULL, NULL, 'sys:menu:update', 'RESOURCE', b'0', b'0', b'0', NULL);
INSERT INTO `sys_menu` (`id`, `create_time`, `created_by`, `update_time`, `updated_by`, `label`, `parent_id`, `sort_value`, `name`, `path`, `component`, `redirect`, `icon`, `authority`, `type`, `deleted`, `hide`, `keep_alive`, `href`) VALUES (1610517186873393169, '2023-01-04 14:03:14', 0, '2023-01-04 14:03:14', 0, '删除菜单', 1610517186873393165, 4, NULL, NULL, NULL, NULL, NULL, 'sys:menu:delete', 'RESOURCE', b'0', b'0', b'0', NULL);
INSERT INTO `sys_menu` (`id`, `create_time`, `created_by`, `update_time`, `updated_by`, `label`, `parent_id`, `sort_value`, `name`, `path`, `component`, `redirect`, `icon`, `authority`, `type`, `deleted`, `hide`, `keep_alive`, `href`) VALUES (1610517186873393170, '2023-01-04 14:03:14', 0, '2023-01-04 14:03:14', 0, '操作日志', 1610517186873393154, 4, 'system_optLog', '/system/optLog', 'self', NULL, 'carbon:flow-logs-vpc', '', 'MENU', b'0', b'0', b'0', NULL);
INSERT INTO `sys_menu` (`id`, `create_time`, `created_by`, `update_time`, `updated_by`, `label`, `parent_id`, `sort_value`, `name`, `path`, `component`, `redirect`, `icon`, `authority`, `type`, `deleted`, `hide`, `keep_alive`, `href`) VALUES (1610517186873393171, '2023-01-04 14:03:14', 0, '2023-01-04 14:03:14', 0, '查看操作日志', 1610517186873393170, 1, NULL, NULL, NULL, NULL, NULL, 'sys:optLog:view', 'RESOURCE', b'0', b'0', b'0', NULL);
INSERT INTO `sys_menu` (`id`, `create_time`, `created_by`, `update_time`, `updated_by`, `label`, `parent_id`, `sort_value`, `name`, `path`, `component`, `redirect`, `icon`, `authority`, `type`, `deleted`, `hide`, `keep_alive`, `href`) VALUES (1610517186873393172, '2023-01-04 14:03:15', 0, '2023-01-04 14:03:15', 0, '登录日志', 1610517186873393154, 5, 'system_loginLog', '/system/loginLog', 'self', NULL, 'carbon:flow-logs-vpc', '', 'MENU', b'0', b'0', b'0', NULL);
INSERT INTO `sys_menu` (`id`, `create_time`, `created_by`, `update_time`, `updated_by`, `label`, `parent_id`, `sort_value`, `name`, `path`, `component`, `redirect`, `icon`, `authority`, `type`, `deleted`, `hide`, `keep_alive`, `href`) VALUES (1610517186873393173, '2023-01-04 14:03:15', 0, '2023-01-04 14:03:15', 0, '查看登录日志', 1610517186873393172, 1, NULL, NULL, NULL, NULL, NULL, 'sys:loginLog:view', 'RESOURCE', b'0', b'0', b'0', NULL);
INSERT INTO `sys_menu` (`id`, `create_time`, `created_by`, `update_time`, `updated_by`, `label`, `parent_id`, `sort_value`, `name`, `path`, `component`, `redirect`, `icon`, `authority`, `type`, `deleted`, `hide`, `keep_alive`, `href`) VALUES (1610517186873393174, '2023-01-04 14:03:15', 0, '2023-01-04 14:03:15', 0, '文件管理', 1610517186873393154, 6, 'system_file', '/system/file', 'self', NULL, 'ic:baseline-file-copy', '', 'MENU', b'0', b'0', b'0', NULL);
INSERT INTO `sys_menu` (`id`, `create_time`, `created_by`, `update_time`, `updated_by`, `label`, `parent_id`, `sort_value`, `name`, `path`, `component`, `redirect`, `icon`, `authority`, `type`, `deleted`, `hide`, `keep_alive`, `href`) VALUES (1610517186873393175, '2023-01-04 14:03:15', 0, '2023-01-04 14:03:15', 0, '查看文件', 1610517186873393174, 1, NULL, NULL, NULL, NULL, NULL, 'sys:file:view', 'RESOURCE', b'0', b'0', b'0', NULL);
INSERT INTO `sys_menu` (`id`, `create_time`, `created_by`, `update_time`, `updated_by`, `label`, `parent_id`, `sort_value`, `name`, `path`, `component`, `redirect`, `icon`, `authority`, `type`, `deleted`, `hide`, `keep_alive`, `href`) VALUES (1610517186873393176, '2023-01-04 14:03:15', 0, '2023-01-04 14:03:15', 0, '上传文件', 1610517186873393174, 2, NULL, NULL, NULL, NULL, NULL, 'sys:file:save', 'RESOURCE', b'0', b'0', b'0', NULL);
INSERT INTO `sys_menu` (`id`, `create_time`, `created_by`, `update_time`, `updated_by`, `label`, `parent_id`, `sort_value`, `name`, `path`, `component`, `redirect`, `icon`, `authority`, `type`, `deleted`, `hide`, `keep_alive`, `href`) VALUES (1610517186873393177, '2023-01-04 14:03:15', 0, '2023-01-04 14:03:15', 0, '下载文件', 1610517186873393174, 3, NULL, NULL, NULL, NULL, NULL, 'sys:file:export', 'RESOURCE', b'0', b'0', b'0', NULL);
INSERT INTO `sys_menu` (`id`, `create_time`, `created_by`, `update_time`, `updated_by`, `label`, `parent_id`, `sort_value`, `name`, `path`, `component`, `redirect`, `icon`, `authority`, `type`, `deleted`, `hide`, `keep_alive`, `href`) VALUES (1610517186873393178, '2023-01-04 14:03:15', 0, '2023-01-04 14:03:15', 0, '删除文件', 1610517186873393174, 4, NULL, NULL, NULL, NULL, NULL, 'sys:file:delete', 'RESOURCE', b'0', b'0', b'0', NULL);
INSERT INTO `sys_menu` (`id`, `create_time`, `created_by`, `update_time`, `updated_by`, `label`, `parent_id`, `sort_value`, `name`, `path`, `component`, `redirect`, `icon`, `authority`, `type`, `deleted`, `hide`, `keep_alive`, `href`) VALUES (1610517186873393179, '2023-01-04 14:03:15', 0, '2023-01-04 14:03:15', 0, '数据字典', 1610517186873393154, 7, 'system_dict', '/system/dict', 'self', NULL, 'arcticons:colordict', '', 'MENU', b'0', b'0', b'0', NULL);
INSERT INTO `sys_menu` (`id`, `create_time`, `created_by`, `update_time`, `updated_by`, `label`, `parent_id`, `sort_value`, `name`, `path`, `component`, `redirect`, `icon`, `authority`, `type`, `deleted`, `hide`, `keep_alive`, `href`) VALUES (1610517186873393180, '2023-01-04 14:03:15', 0, '2023-01-04 14:03:15', 0, '查看字典', 1610517186873393179, 1, NULL, NULL, NULL, NULL, NULL, 'sys:dict:view', 'RESOURCE', b'0', b'0', b'0', NULL);
INSERT INTO `sys_menu` (`id`, `create_time`, `created_by`, `update_time`, `updated_by`, `label`, `parent_id`, `sort_value`, `name`, `path`, `component`, `redirect`, `icon`, `authority`, `type`, `deleted`, `hide`, `keep_alive`, `href`) VALUES (1610517186873393181, '2023-01-04 14:03:15', 0, '2023-01-04 14:03:15', 0, '新增字典', 1610517186873393179, 2, NULL, NULL, NULL, NULL, NULL, 'sys:dict:save', 'RESOURCE', b'0', b'0', b'0', NULL);
INSERT INTO `sys_menu` (`id`, `create_time`, `created_by`, `update_time`, `updated_by`, `label`, `parent_id`, `sort_value`, `name`, `path`, `component`, `redirect`, `icon`, `authority`, `type`, `deleted`, `hide`, `keep_alive`, `href`) VALUES (1610517186873393182, '2023-01-04 14:03:15', 0, '2023-01-04 14:03:15', 0, '修改字典', 1610517186873393179, 3, NULL, NULL, NULL, NULL, NULL, 'sys:dict:update', 'RESOURCE', b'0', b'0', b'0', NULL);
INSERT INTO `sys_menu` (`id`, `create_time`, `created_by`, `update_time`, `updated_by`, `label`, `parent_id`, `sort_value`, `name`, `path`, `component`, `redirect`, `icon`, `authority`, `type`, `deleted`, `hide`, `keep_alive`, `href`) VALUES (1610517186873393183, '2023-01-04 14:03:15', 0, '2023-01-04 14:03:15', 0, '删除字典', 1610517186873393179, 4, NULL, NULL, NULL, NULL, NULL, 'sys:dict:delete', 'RESOURCE', b'0', b'0', b'0', NULL);
INSERT INTO `sys_menu` (`id`, `create_time`, `created_by`, `update_time`, `updated_by`, `label`, `parent_id`, `sort_value`, `name`, `path`, `component`, `redirect`, `icon`, `authority`, `type`, `deleted`, `hide`, `keep_alive`, `href`) VALUES (1610517186873393184, '2023-01-04 14:03:15', 0, '2023-01-04 14:03:15', 0, '查看字典项', 1610517186873393179, 5, NULL, NULL, NULL, NULL, NULL, 'sys:dictItem:view', 'RESOURCE', b'0', b'0', b'0', NULL);
INSERT INTO `sys_menu` (`id`, `create_time`, `created_by`, `update_time`, `updated_by`, `label`, `parent_id`, `sort_value`, `name`, `path`, `component`, `redirect`, `icon`, `authority`, `type`, `deleted`, `hide`, `keep_alive`, `href`) VALUES (1610517186873393185, '2023-01-04 14:03:15', 0, '2023-01-04 14:03:15', 0, '新增字典项', 1610517186873393179, 6, NULL, NULL, NULL, NULL, NULL, 'sys:dictItem:save', 'RESOURCE', b'0', b'0', b'0', NULL);
INSERT INTO `sys_menu` (`id`, `create_time`, `created_by`, `update_time`, `updated_by`, `label`, `parent_id`, `sort_value`, `name`, `path`, `component`, `redirect`, `icon`, `authority`, `type`, `deleted`, `hide`, `keep_alive`, `href`) VALUES (1610517186873393186, '2023-01-04 14:03:15', 0, '2023-01-04 14:03:15', 0, '修改字典项', 1610517186873393179, 7, NULL, NULL, NULL, NULL, NULL, 'sys:dictItem:update', 'RESOURCE', b'0', b'0', b'0', NULL);
INSERT INTO `sys_menu` (`id`, `create_time`, `created_by`, `update_time`, `updated_by`, `label`, `parent_id`, `sort_value`, `name`, `path`, `component`, `redirect`, `icon`, `authority`, `type`, `deleted`, `hide`, `keep_alive`, `href`) VALUES (1610517186873393187, '2023-01-04 14:03:15', 0, '2023-01-04 14:03:15', 0, '删除字典项', 1610517186873393179, 8, NULL, NULL, NULL, NULL, NULL, 'sys:dictItem:delete', 'RESOURCE', b'0', b'0', b'0', NULL);


-- 初始化角色
INSERT INTO `sys_role` (`id`, `create_time`, `created_by`, `update_time`, `updated_by`, `name`, `code`, `describe_`, `deleted`, `readonly_`) VALUES (1610517190090424320, '2023-01-04 14:03:15', 0, '2023-01-04 14:03:15', 0, '超级管理员', 'SUPER_ADMIN', '超级管理员，拥有至高无上的权利', b'0', b'1');
INSERT INTO `sys_role` (`id`, `create_time`, `created_by`, `update_time`, `updated_by`, `name`, `code`, `describe_`, `deleted`, `readonly_`) VALUES (1610517190090424321, '2023-01-04 14:03:15', 0, '2023-01-04 14:03:15', 0, '管理员', 'ADMIN', '管理员，拥有99%的权利', b'0', b'0');
INSERT INTO `sys_role` (`id`, `create_time`, `created_by`, `update_time`, `updated_by`, `name`, `code`, `describe_`, `deleted`, `readonly_`) VALUES (1610517190090424322, '2023-01-04 14:03:15', 0, '2023-01-04 14:03:15', 0, '普通用户', 'USER', '普通用户，拥有管理员赋予的权利', b'0', b'0');


-- 初始化角色_菜单
INSERT INTO `sys_role_menu` (`id`, `create_time`, `created_by`, `role_id`, `menu_id`) VALUES (1610517190342082560, '2023-01-04 14:03:15', 0, 1610517190090424320, 1610517186869198848);
INSERT INTO `sys_role_menu` (`id`, `create_time`, `created_by`, `role_id`, `menu_id`) VALUES (1610517190350471168, '2023-01-04 14:03:15', 0, 1610517190090424320, 1610517186873393152);
INSERT INTO `sys_role_menu` (`id`, `create_time`, `created_by`, `role_id`, `menu_id`) VALUES (1610517190350471169, '2023-01-04 14:03:15', 0, 1610517190090424320, 1610517186873393153);
INSERT INTO `sys_role_menu` (`id`, `create_time`, `created_by`, `role_id`, `menu_id`) VALUES (1610517190350471170, '2023-01-04 14:03:15', 0, 1610517190090424320, 1610517186873393154);
INSERT INTO `sys_role_menu` (`id`, `create_time`, `created_by`, `role_id`, `menu_id`) VALUES (1610517190354665472, '2023-01-04 14:03:15', 0, 1610517190090424320, 1610517186873393155);
INSERT INTO `sys_role_menu` (`id`, `create_time`, `created_by`, `role_id`, `menu_id`) VALUES (1610517190354665473, '2023-01-04 14:03:15', 0, 1610517190090424320, 1610517186873393156);
INSERT INTO `sys_role_menu` (`id`, `create_time`, `created_by`, `role_id`, `menu_id`) VALUES (1610517190358859776, '2023-01-04 14:03:15', 0, 1610517190090424320, 1610517186873393157);
INSERT INTO `sys_role_menu` (`id`, `create_time`, `created_by`, `role_id`, `menu_id`) VALUES (1610517190358859777, '2023-01-04 14:03:15', 0, 1610517190090424320, 1610517186873393158);
INSERT INTO `sys_role_menu` (`id`, `create_time`, `created_by`, `role_id`, `menu_id`) VALUES (1610517190358859778, '2023-01-04 14:03:15', 0, 1610517190090424320, 1610517186873393159);
INSERT INTO `sys_role_menu` (`id`, `create_time`, `created_by`, `role_id`, `menu_id`) VALUES (1610517190358859779, '2023-01-04 14:03:15', 0, 1610517190090424320, 1610517186873393160);
INSERT INTO `sys_role_menu` (`id`, `create_time`, `created_by`, `role_id`, `menu_id`) VALUES (1610517190363054080, '2023-01-04 14:03:15', 0, 1610517190090424320, 1610517186873393161);
INSERT INTO `sys_role_menu` (`id`, `create_time`, `created_by`, `role_id`, `menu_id`) VALUES (1610517190363054081, '2023-01-04 14:03:15', 0, 1610517190090424320, 1610517186873393162);
INSERT INTO `sys_role_menu` (`id`, `create_time`, `created_by`, `role_id`, `menu_id`) VALUES (1610517190363054082, '2023-01-04 14:03:15', 0, 1610517190090424320, 1610517186873393163);
INSERT INTO `sys_role_menu` (`id`, `create_time`, `created_by`, `role_id`, `menu_id`) VALUES (1610517190363054083, '2023-01-04 14:03:15', 0, 1610517190090424320, 1610517186873393164);
INSERT INTO `sys_role_menu` (`id`, `create_time`, `created_by`, `role_id`, `menu_id`) VALUES (1610517190367248384, '2023-01-04 14:03:15', 0, 1610517190090424320, 1610517186873393165);
INSERT INTO `sys_role_menu` (`id`, `create_time`, `created_by`, `role_id`, `menu_id`) VALUES (1610517190367248385, '2023-01-04 14:03:15', 0, 1610517190090424320, 1610517186873393166);
INSERT INTO `sys_role_menu` (`id`, `create_time`, `created_by`, `role_id`, `menu_id`) VALUES (1610517190371442688, '2023-01-04 14:03:15', 0, 1610517190090424320, 1610517186873393167);
INSERT INTO `sys_role_menu` (`id`, `create_time`, `created_by`, `role_id`, `menu_id`) VALUES (1610517190371442689, '2023-01-04 14:03:15', 0, 1610517190090424320, 1610517186873393168);
INSERT INTO `sys_role_menu` (`id`, `create_time`, `created_by`, `role_id`, `menu_id`) VALUES (1610517190371442690, '2023-01-04 14:03:15', 0, 1610517190090424320, 1610517186873393169);
INSERT INTO `sys_role_menu` (`id`, `create_time`, `created_by`, `role_id`, `menu_id`) VALUES (1610517190371442691, '2023-01-04 14:03:15', 0, 1610517190090424320, 1610517186873393170);
INSERT INTO `sys_role_menu` (`id`, `create_time`, `created_by`, `role_id`, `menu_id`) VALUES (1610517190375636992, '2023-01-04 14:03:15', 0, 1610517190090424320, 1610517186873393171);
INSERT INTO `sys_role_menu` (`id`, `create_time`, `created_by`, `role_id`, `menu_id`) VALUES (1610517190375636993, '2023-01-04 14:03:15', 0, 1610517190090424320, 1610517186873393172);
INSERT INTO `sys_role_menu` (`id`, `create_time`, `created_by`, `role_id`, `menu_id`) VALUES (1610517190375636994, '2023-01-04 14:03:15', 0, 1610517190090424320, 1610517186873393173);
INSERT INTO `sys_role_menu` (`id`, `create_time`, `created_by`, `role_id`, `menu_id`) VALUES (1610517190379831296, '2023-01-04 14:03:15', 0, 1610517190090424320, 1610517186873393174);
INSERT INTO `sys_role_menu` (`id`, `create_time`, `created_by`, `role_id`, `menu_id`) VALUES (1610517190379831297, '2023-01-04 14:03:15', 0, 1610517190090424320, 1610517186873393175);
INSERT INTO `sys_role_menu` (`id`, `create_time`, `created_by`, `role_id`, `menu_id`) VALUES (1610517190379831298, '2023-01-04 14:03:15', 0, 1610517190090424320, 1610517186873393176);
INSERT INTO `sys_role_menu` (`id`, `create_time`, `created_by`, `role_id`, `menu_id`) VALUES (1610517190379831299, '2023-01-04 14:03:15', 0, 1610517190090424320, 1610517186873393177);
INSERT INTO `sys_role_menu` (`id`, `create_time`, `created_by`, `role_id`, `menu_id`) VALUES (1610517190384025600, '2023-01-04 14:03:15', 0, 1610517190090424320, 1610517186873393178);
INSERT INTO `sys_role_menu` (`id`, `create_time`, `created_by`, `role_id`, `menu_id`) VALUES (1610517190384025601, '2023-01-04 14:03:15', 0, 1610517190090424320, 1610517186873393179);
INSERT INTO `sys_role_menu` (`id`, `create_time`, `created_by`, `role_id`, `menu_id`) VALUES (1610517190384025602, '2023-01-04 14:03:15', 0, 1610517190090424320, 1610517186873393180);
INSERT INTO `sys_role_menu` (`id`, `create_time`, `created_by`, `role_id`, `menu_id`) VALUES (1610517190384025603, '2023-01-04 14:03:15', 0, 1610517190090424320, 1610517186873393181);
INSERT INTO `sys_role_menu` (`id`, `create_time`, `created_by`, `role_id`, `menu_id`) VALUES (1610517190388219904, '2023-01-04 14:03:15', 0, 1610517190090424320, 1610517186873393182);
INSERT INTO `sys_role_menu` (`id`, `create_time`, `created_by`, `role_id`, `menu_id`) VALUES (1610517190388219905, '2023-01-04 14:03:15', 0, 1610517190090424320, 1610517186873393183);
INSERT INTO `sys_role_menu` (`id`, `create_time`, `created_by`, `role_id`, `menu_id`) VALUES (1610517190388219906, '2023-01-04 14:03:15', 0, 1610517190090424320, 1610517186873393184);
INSERT INTO `sys_role_menu` (`id`, `create_time`, `created_by`, `role_id`, `menu_id`) VALUES (1610517190392414208, '2023-01-04 14:03:15', 0, 1610517190090424320, 1610517186873393185);
INSERT INTO `sys_role_menu` (`id`, `create_time`, `created_by`, `role_id`, `menu_id`) VALUES (1610517190392414209, '2023-01-04 14:03:15', 0, 1610517190090424320, 1610517186873393186);
INSERT INTO `sys_role_menu` (`id`, `create_time`, `created_by`, `role_id`, `menu_id`) VALUES (1610517190392414210, '2023-01-04 14:03:15', 0, 1610517190090424320, 1610517186873393187);


-- 初始化用户  账号：zetaAdmin  密码：admin
INSERT INTO `sys_user` (`id`, `create_time`, `created_by`, `update_time`, `updated_by`, `username`, `account`, `password`, `email`, `mobile`, `sex`, `avatar`, `birthday`, `readonly_`, `state`, `deleted`) VALUES (1610517191113834496, '2023-01-04 14:03:15', 0, '2023-01-04 14:03:15', 0, 'zeta管理员', 'zetaAdmin', '$2a$10$7uyH.6kbyQH2RfqOGh21JOZszEQIwUyEDQHbTQIHiPeNrQIZ3JnFu', NULL, NULL, 1, NULL, NULL, b'1', 0, b'0');


-- 初始化用户_角色
INSERT INTO `sys_user_role` (`id`, `create_time`, `created_by`, `user_id`, `role_id`) VALUES (1610517192439234560, '2023-01-04 14:03:15', 0, 1610517191113834496, 1610517190090424320);


-- 初始化字典
INSERT INTO `sys_dict` (`id`, `create_time`, `created_by`, `update_time`, `updated_by`, `name`, `code`, `describe_`, `sort_value`, `deleted`) VALUES (1610517192565063680, '2023-01-04 14:03:15', 0, '2023-01-04 14:03:15', 0, '设备状态', 'device_status', '设备运行状态', 0, b'0');


-- 初始化字典项
INSERT INTO `sys_dict_item` (`id`, `create_time`, `created_by`, `update_time`, `updated_by`, `dict_id`, `name`, `value`, `describe_`, `sort_value`, `deleted`) VALUES (1610517192711864320, '2023-01-04 14:03:15', 0, '2023-01-04 14:03:15', 0, 1610517192565063680, '运行', 'RUNNING', '设备正在运行', 1, b'0');
INSERT INTO `sys_dict_item` (`id`, `create_time`, `created_by`, `update_time`, `updated_by`, `dict_id`, `name`, `value`, `describe_`, `sort_value`, `deleted`) VALUES (1610517192711864321, '2023-01-04 14:03:15', 0, '2023-01-04 14:03:15', 0, 1610517192565063680, '停止', 'WAITING', '设备已停止', 2, b'0');
