-- 初始化菜单
INSERT INTO `sys_menu` (`id`, `create_time`, `created_by`, `update_time`, `updated_by`, `label`, `parent_id`, `sort_value`, `name`, `path`, `component`, `redirect`, `icon`, `authority`, `type`, `deleted`, `hide`, `keep_alive`, `href`, `frame_src`) VALUES (1645607074249310208, '2023-04-11 09:57:55', 0, '2023-04-11 09:57:55', 0, '系统管理', 0, 1, 'system', '/system', '', NULL, 'layui-icon-set', '', 'MENU', b'0', b'0', b'0', NULL, NULL);
INSERT INTO `sys_menu` (`id`, `create_time`, `created_by`, `update_time`, `updated_by`, `label`, `parent_id`, `sort_value`, `name`, `path`, `component`, `redirect`, `icon`, `authority`, `type`, `deleted`, `hide`, `keep_alive`, `href`, `frame_src`) VALUES (1645607074253504512, '2023-04-11 09:57:55', 0, '2023-04-11 09:57:55', 0, '用户管理', 1645607074249310208, 1, 'system_user', '/system/user', 'system/user', NULL, '', '', 'MENU', b'0', b'0', b'0', NULL, NULL);
INSERT INTO `sys_menu` (`id`, `create_time`, `created_by`, `update_time`, `updated_by`, `label`, `parent_id`, `sort_value`, `name`, `path`, `component`, `redirect`, `icon`, `authority`, `type`, `deleted`, `hide`, `keep_alive`, `href`, `frame_src`) VALUES (1645607074253504513, '2023-04-11 09:57:55', 0, '2023-04-11 09:57:55', 0, '查看用户', 1645607074253504512, 1, NULL, NULL, NULL, NULL, NULL, 'sys:user:view', 'RESOURCE', b'0', b'0', b'0', NULL, NULL);
INSERT INTO `sys_menu` (`id`, `create_time`, `created_by`, `update_time`, `updated_by`, `label`, `parent_id`, `sort_value`, `name`, `path`, `component`, `redirect`, `icon`, `authority`, `type`, `deleted`, `hide`, `keep_alive`, `href`, `frame_src`) VALUES (1645607074253504514, '2023-04-11 09:57:55', 0, '2023-04-11 09:57:55', 0, '新增用户', 1645607074253504512, 2, NULL, NULL, NULL, NULL, NULL, 'sys:user:save', 'RESOURCE', b'0', b'0', b'0', NULL, NULL);
INSERT INTO `sys_menu` (`id`, `create_time`, `created_by`, `update_time`, `updated_by`, `label`, `parent_id`, `sort_value`, `name`, `path`, `component`, `redirect`, `icon`, `authority`, `type`, `deleted`, `hide`, `keep_alive`, `href`, `frame_src`) VALUES (1645607074253504515, '2023-04-11 09:57:55', 0, '2023-04-11 09:57:55', 0, '修改用户', 1645607074253504512, 3, NULL, NULL, NULL, NULL, NULL, 'sys:user:update', 'RESOURCE', b'0', b'0', b'0', NULL, NULL);
INSERT INTO `sys_menu` (`id`, `create_time`, `created_by`, `update_time`, `updated_by`, `label`, `parent_id`, `sort_value`, `name`, `path`, `component`, `redirect`, `icon`, `authority`, `type`, `deleted`, `hide`, `keep_alive`, `href`, `frame_src`) VALUES (1645607074253504516, '2023-04-11 09:57:55', 0, '2023-04-11 09:57:55', 0, '删除用户', 1645607074253504512, 4, NULL, NULL, NULL, NULL, NULL, 'sys:user:delete', 'RESOURCE', b'0', b'0', b'0', NULL, NULL);
INSERT INTO `sys_menu` (`id`, `create_time`, `created_by`, `update_time`, `updated_by`, `label`, `parent_id`, `sort_value`, `name`, `path`, `component`, `redirect`, `icon`, `authority`, `type`, `deleted`, `hide`, `keep_alive`, `href`, `frame_src`) VALUES (1645607074253504517, '2023-04-11 09:57:55', 0, '2023-04-11 09:57:55', 0, '角色管理', 1645607074249310208, 2, 'system_role', '/system/role', 'system/role', NULL, '', '', 'MENU', b'0', b'0', b'0', NULL, NULL);
INSERT INTO `sys_menu` (`id`, `create_time`, `created_by`, `update_time`, `updated_by`, `label`, `parent_id`, `sort_value`, `name`, `path`, `component`, `redirect`, `icon`, `authority`, `type`, `deleted`, `hide`, `keep_alive`, `href`, `frame_src`) VALUES (1645607074253504518, '2023-04-11 09:57:55', 0, '2023-04-11 09:57:55', 0, '查看角色', 1645607074253504517, 1, NULL, NULL, NULL, NULL, NULL, 'sys:role:view', 'RESOURCE', b'0', b'0', b'0', NULL, NULL);
INSERT INTO `sys_menu` (`id`, `create_time`, `created_by`, `update_time`, `updated_by`, `label`, `parent_id`, `sort_value`, `name`, `path`, `component`, `redirect`, `icon`, `authority`, `type`, `deleted`, `hide`, `keep_alive`, `href`, `frame_src`) VALUES (1645607074253504519, '2023-04-11 09:57:55', 0, '2023-04-11 09:57:55', 0, '新增角色', 1645607074253504517, 2, NULL, NULL, NULL, NULL, NULL, 'sys:role:save', 'RESOURCE', b'0', b'0', b'0', NULL, NULL);
INSERT INTO `sys_menu` (`id`, `create_time`, `created_by`, `update_time`, `updated_by`, `label`, `parent_id`, `sort_value`, `name`, `path`, `component`, `redirect`, `icon`, `authority`, `type`, `deleted`, `hide`, `keep_alive`, `href`, `frame_src`) VALUES (1645607074253504520, '2023-04-11 09:57:55', 0, '2023-04-11 09:57:55', 0, '修改角色', 1645607074253504517, 3, NULL, NULL, NULL, NULL, NULL, 'sys:role:update', 'RESOURCE', b'0', b'0', b'0', NULL, NULL);
INSERT INTO `sys_menu` (`id`, `create_time`, `created_by`, `update_time`, `updated_by`, `label`, `parent_id`, `sort_value`, `name`, `path`, `component`, `redirect`, `icon`, `authority`, `type`, `deleted`, `hide`, `keep_alive`, `href`, `frame_src`) VALUES (1645607074253504521, '2023-04-11 09:57:55', 0, '2023-04-11 09:57:55', 0, '删除角色', 1645607074253504517, 4, NULL, NULL, NULL, NULL, NULL, 'sys:role:delete', 'RESOURCE', b'0', b'0', b'0', NULL, NULL);
INSERT INTO `sys_menu` (`id`, `create_time`, `created_by`, `update_time`, `updated_by`, `label`, `parent_id`, `sort_value`, `name`, `path`, `component`, `redirect`, `icon`, `authority`, `type`, `deleted`, `hide`, `keep_alive`, `href`, `frame_src`) VALUES (1645607074253504522, '2023-04-11 09:57:55', 0, '2023-04-11 09:57:55', 0, '菜单管理', 1645607074249310208, 3, 'system_menu', '/system/menu', 'system/menu', NULL, '', '', 'MENU', b'0', b'0', b'0', NULL, NULL);
INSERT INTO `sys_menu` (`id`, `create_time`, `created_by`, `update_time`, `updated_by`, `label`, `parent_id`, `sort_value`, `name`, `path`, `component`, `redirect`, `icon`, `authority`, `type`, `deleted`, `hide`, `keep_alive`, `href`, `frame_src`) VALUES (1645607074253504523, '2023-04-11 09:57:55', 0, '2023-04-11 09:57:55', 0, '查看菜单', 1645607074253504522, 1, NULL, NULL, NULL, NULL, NULL, 'sys:menu:view', 'RESOURCE', b'0', b'0', b'0', NULL, NULL);
INSERT INTO `sys_menu` (`id`, `create_time`, `created_by`, `update_time`, `updated_by`, `label`, `parent_id`, `sort_value`, `name`, `path`, `component`, `redirect`, `icon`, `authority`, `type`, `deleted`, `hide`, `keep_alive`, `href`, `frame_src`) VALUES (1645607074253504524, '2023-04-11 09:57:55', 0, '2023-04-11 09:57:55', 0, '新增菜单', 1645607074253504522, 2, NULL, NULL, NULL, NULL, NULL, 'sys:menu:save', 'RESOURCE', b'0', b'0', b'0', NULL, NULL);
INSERT INTO `sys_menu` (`id`, `create_time`, `created_by`, `update_time`, `updated_by`, `label`, `parent_id`, `sort_value`, `name`, `path`, `component`, `redirect`, `icon`, `authority`, `type`, `deleted`, `hide`, `keep_alive`, `href`, `frame_src`) VALUES (1645607074253504525, '2023-04-11 09:57:55', 0, '2023-04-11 09:57:55', 0, '修改菜单', 1645607074253504522, 3, NULL, NULL, NULL, NULL, NULL, 'sys:menu:update', 'RESOURCE', b'0', b'0', b'0', NULL, NULL);
INSERT INTO `sys_menu` (`id`, `create_time`, `created_by`, `update_time`, `updated_by`, `label`, `parent_id`, `sort_value`, `name`, `path`, `component`, `redirect`, `icon`, `authority`, `type`, `deleted`, `hide`, `keep_alive`, `href`, `frame_src`) VALUES (1645607074253504526, '2023-04-11 09:57:55', 0, '2023-04-11 09:57:55', 0, '删除菜单', 1645607074253504522, 4, NULL, NULL, NULL, NULL, NULL, 'sys:menu:delete', 'RESOURCE', b'0', b'0', b'0', NULL, NULL);
INSERT INTO `sys_menu` (`id`, `create_time`, `created_by`, `update_time`, `updated_by`, `label`, `parent_id`, `sort_value`, `name`, `path`, `component`, `redirect`, `icon`, `authority`, `type`, `deleted`, `hide`, `keep_alive`, `href`, `frame_src`) VALUES (1645607074253504527, '2023-04-11 09:57:55', 0, '2023-04-11 09:57:55', 0, '操作日志', 1645607074249310208, 4, 'system_optLog', '/system/optLog', 'system/optLog', NULL, '', '', 'MENU', b'0', b'0', b'0', NULL, NULL);
INSERT INTO `sys_menu` (`id`, `create_time`, `created_by`, `update_time`, `updated_by`, `label`, `parent_id`, `sort_value`, `name`, `path`, `component`, `redirect`, `icon`, `authority`, `type`, `deleted`, `hide`, `keep_alive`, `href`, `frame_src`) VALUES (1645607074253504528, '2023-04-11 09:57:55', 0, '2023-04-11 09:57:55', 0, '查看操作日志', 1645607074253504527, 1, NULL, NULL, NULL, NULL, NULL, 'sys:optLog:view', 'RESOURCE', b'0', b'0', b'0', NULL, NULL);
INSERT INTO `sys_menu` (`id`, `create_time`, `created_by`, `update_time`, `updated_by`, `label`, `parent_id`, `sort_value`, `name`, `path`, `component`, `redirect`, `icon`, `authority`, `type`, `deleted`, `hide`, `keep_alive`, `href`, `frame_src`) VALUES (1645607074253504529, '2023-04-11 09:57:55', 0, '2023-04-11 09:57:55', 0, '登录日志', 1645607074249310208, 5, 'system_loginLog', '/system/loginLog', 'system/loginLog', NULL, '', '', 'MENU', b'0', b'0', b'0', NULL, NULL);
INSERT INTO `sys_menu` (`id`, `create_time`, `created_by`, `update_time`, `updated_by`, `label`, `parent_id`, `sort_value`, `name`, `path`, `component`, `redirect`, `icon`, `authority`, `type`, `deleted`, `hide`, `keep_alive`, `href`, `frame_src`) VALUES (1645607074253504530, '2023-04-11 09:57:55', 0, '2023-04-11 09:57:55', 0, '查看登录日志', 1645607074253504529, 1, NULL, NULL, NULL, NULL, NULL, 'sys:loginLog:view', 'RESOURCE', b'0', b'0', b'0', NULL, NULL);
INSERT INTO `sys_menu` (`id`, `create_time`, `created_by`, `update_time`, `updated_by`, `label`, `parent_id`, `sort_value`, `name`, `path`, `component`, `redirect`, `icon`, `authority`, `type`, `deleted`, `hide`, `keep_alive`, `href`, `frame_src`) VALUES (1645607074253504531, '2023-04-11 09:57:55', 0, '2023-04-11 09:57:55', 0, '文件管理', 1645607074249310208, 6, 'system_file', '/system/file', 'system/file', NULL, '', '', 'MENU', b'0', b'0', b'0', NULL, NULL);
INSERT INTO `sys_menu` (`id`, `create_time`, `created_by`, `update_time`, `updated_by`, `label`, `parent_id`, `sort_value`, `name`, `path`, `component`, `redirect`, `icon`, `authority`, `type`, `deleted`, `hide`, `keep_alive`, `href`, `frame_src`) VALUES (1645607074253504532, '2023-04-11 09:57:55', 0, '2023-04-11 09:57:55', 0, '查看文件', 1645607074253504531, 1, NULL, NULL, NULL, NULL, NULL, 'sys:file:view', 'RESOURCE', b'0', b'0', b'0', NULL, NULL);
INSERT INTO `sys_menu` (`id`, `create_time`, `created_by`, `update_time`, `updated_by`, `label`, `parent_id`, `sort_value`, `name`, `path`, `component`, `redirect`, `icon`, `authority`, `type`, `deleted`, `hide`, `keep_alive`, `href`, `frame_src`) VALUES (1645607074253504533, '2023-04-11 09:57:55', 0, '2023-04-11 09:57:55', 0, '上传文件', 1645607074253504531, 2, NULL, NULL, NULL, NULL, NULL, 'sys:file:save', 'RESOURCE', b'0', b'0', b'0', NULL, NULL);
INSERT INTO `sys_menu` (`id`, `create_time`, `created_by`, `update_time`, `updated_by`, `label`, `parent_id`, `sort_value`, `name`, `path`, `component`, `redirect`, `icon`, `authority`, `type`, `deleted`, `hide`, `keep_alive`, `href`, `frame_src`) VALUES (1645607074253504534, '2023-04-11 09:57:55', 0, '2023-04-11 09:57:55', 0, '下载文件', 1645607074253504531, 3, NULL, NULL, NULL, NULL, NULL, 'sys:file:export', 'RESOURCE', b'0', b'0', b'0', NULL, NULL);
INSERT INTO `sys_menu` (`id`, `create_time`, `created_by`, `update_time`, `updated_by`, `label`, `parent_id`, `sort_value`, `name`, `path`, `component`, `redirect`, `icon`, `authority`, `type`, `deleted`, `hide`, `keep_alive`, `href`, `frame_src`) VALUES (1645607074253504535, '2023-04-11 09:57:55', 0, '2023-04-11 09:57:55', 0, '删除文件', 1645607074253504531, 4, NULL, NULL, NULL, NULL, NULL, 'sys:file:delete', 'RESOURCE', b'0', b'0', b'0', NULL, NULL);
INSERT INTO `sys_menu` (`id`, `create_time`, `created_by`, `update_time`, `updated_by`, `label`, `parent_id`, `sort_value`, `name`, `path`, `component`, `redirect`, `icon`, `authority`, `type`, `deleted`, `hide`, `keep_alive`, `href`, `frame_src`) VALUES (1645607074253504536, '2023-04-11 09:57:55', 0, '2023-04-11 09:57:55', 0, '数据字典', 1645607074249310208, 7, 'system_dict', '/system/dict', 'system/dict', NULL, '', '', 'MENU', b'0', b'0', b'0', NULL, NULL);
INSERT INTO `sys_menu` (`id`, `create_time`, `created_by`, `update_time`, `updated_by`, `label`, `parent_id`, `sort_value`, `name`, `path`, `component`, `redirect`, `icon`, `authority`, `type`, `deleted`, `hide`, `keep_alive`, `href`, `frame_src`) VALUES (1645607074253504537, '2023-04-11 09:57:55', 0, '2023-04-11 09:57:55', 0, '查看字典', 1645607074253504536, 1, NULL, NULL, NULL, NULL, NULL, 'sys:dict:view', 'RESOURCE', b'0', b'0', b'0', NULL, NULL);
INSERT INTO `sys_menu` (`id`, `create_time`, `created_by`, `update_time`, `updated_by`, `label`, `parent_id`, `sort_value`, `name`, `path`, `component`, `redirect`, `icon`, `authority`, `type`, `deleted`, `hide`, `keep_alive`, `href`, `frame_src`) VALUES (1645607074253504538, '2023-04-11 09:57:55', 0, '2023-04-11 09:57:55', 0, '新增字典', 1645607074253504536, 2, NULL, NULL, NULL, NULL, NULL, 'sys:dict:save', 'RESOURCE', b'0', b'0', b'0', NULL, NULL);
INSERT INTO `sys_menu` (`id`, `create_time`, `created_by`, `update_time`, `updated_by`, `label`, `parent_id`, `sort_value`, `name`, `path`, `component`, `redirect`, `icon`, `authority`, `type`, `deleted`, `hide`, `keep_alive`, `href`, `frame_src`) VALUES (1645607074253504539, '2023-04-11 09:57:55', 0, '2023-04-11 09:57:55', 0, '修改字典', 1645607074253504536, 3, NULL, NULL, NULL, NULL, NULL, 'sys:dict:update', 'RESOURCE', b'0', b'0', b'0', NULL, NULL);
INSERT INTO `sys_menu` (`id`, `create_time`, `created_by`, `update_time`, `updated_by`, `label`, `parent_id`, `sort_value`, `name`, `path`, `component`, `redirect`, `icon`, `authority`, `type`, `deleted`, `hide`, `keep_alive`, `href`, `frame_src`) VALUES (1645607074253504540, '2023-04-11 09:57:55', 0, '2023-04-11 09:57:55', 0, '删除字典', 1645607074253504536, 4, NULL, NULL, NULL, NULL, NULL, 'sys:dict:delete', 'RESOURCE', b'0', b'0', b'0', NULL, NULL);
INSERT INTO `sys_menu` (`id`, `create_time`, `created_by`, `update_time`, `updated_by`, `label`, `parent_id`, `sort_value`, `name`, `path`, `component`, `redirect`, `icon`, `authority`, `type`, `deleted`, `hide`, `keep_alive`, `href`, `frame_src`) VALUES (1645607074257698816, '2023-04-11 09:57:55', 0, '2023-04-11 09:57:55', 0, '查看字典项', 1645607074253504536, 5, NULL, NULL, NULL, NULL, NULL, 'sys:dictItem:view', 'RESOURCE', b'0', b'0', b'0', NULL, NULL);
INSERT INTO `sys_menu` (`id`, `create_time`, `created_by`, `update_time`, `updated_by`, `label`, `parent_id`, `sort_value`, `name`, `path`, `component`, `redirect`, `icon`, `authority`, `type`, `deleted`, `hide`, `keep_alive`, `href`, `frame_src`) VALUES (1645607074257698817, '2023-04-11 09:57:55', 0, '2023-04-11 09:57:55', 0, '新增字典项', 1645607074253504536, 6, NULL, NULL, NULL, NULL, NULL, 'sys:dictItem:save', 'RESOURCE', b'0', b'0', b'0', NULL, NULL);
INSERT INTO `sys_menu` (`id`, `create_time`, `created_by`, `update_time`, `updated_by`, `label`, `parent_id`, `sort_value`, `name`, `path`, `component`, `redirect`, `icon`, `authority`, `type`, `deleted`, `hide`, `keep_alive`, `href`, `frame_src`) VALUES (1645607074257698818, '2023-04-11 09:57:55', 0, '2023-04-11 09:57:55', 0, '修改字典项', 1645607074253504536, 7, NULL, NULL, NULL, NULL, NULL, 'sys:dictItem:update', 'RESOURCE', b'0', b'0', b'0', NULL, NULL);
INSERT INTO `sys_menu` (`id`, `create_time`, `created_by`, `update_time`, `updated_by`, `label`, `parent_id`, `sort_value`, `name`, `path`, `component`, `redirect`, `icon`, `authority`, `type`, `deleted`, `hide`, `keep_alive`, `href`, `frame_src`) VALUES (1645607074257698819, '2023-04-11 09:57:55', 0, '2023-04-11 09:57:55', 0, '删除字典项', 1645607074253504536, 8, NULL, NULL, NULL, NULL, NULL, 'sys:dictItem:delete', 'RESOURCE', b'0', b'0', b'0', NULL, NULL);


-- 初始化角色
INSERT INTO `sys_role` (`id`, `create_time`, `created_by`, `update_time`, `updated_by`, `name`, `code`, `describe_`, `deleted`, `readonly_`) VALUES (1645607076937859072, '2023-04-11 09:57:56', 0, '2023-04-11 09:57:56', 0, '超级管理员', 'SUPER_ADMIN', '超级管理员，拥有至高无上的权利', b'0', b'1');
INSERT INTO `sys_role` (`id`, `create_time`, `created_by`, `update_time`, `updated_by`, `name`, `code`, `describe_`, `deleted`, `readonly_`) VALUES (1645607076937859073, '2023-04-11 09:57:56', 0, '2023-04-11 09:57:56', 0, '管理员', 'ADMIN', '管理员，拥有99%的权利', b'0', b'0');
INSERT INTO `sys_role` (`id`, `create_time`, `created_by`, `update_time`, `updated_by`, `name`, `code`, `describe_`, `deleted`, `readonly_`) VALUES (1645607076937859074, '2023-04-11 09:57:56', 0, '2023-04-11 09:57:56', 0, '普通用户', 'USER', '普通用户，拥有管理员赋予的权利', b'0', b'0');


-- 初始化角色_菜单
INSERT INTO `sys_role_menu` (`id`, `create_time`, `created_by`, `role_id`, `menu_id`) VALUES (1645607077265014784, '2023-04-11 09:57:56', 0, 1645607076937859072, 1645607074249310208);
INSERT INTO `sys_role_menu` (`id`, `create_time`, `created_by`, `role_id`, `menu_id`) VALUES (1645607077269209088, '2023-04-11 09:57:56', 0, 1645607076937859072, 1645607074253504512);
INSERT INTO `sys_role_menu` (`id`, `create_time`, `created_by`, `role_id`, `menu_id`) VALUES (1645607077269209089, '2023-04-11 09:57:56', 0, 1645607076937859072, 1645607074253504513);
INSERT INTO `sys_role_menu` (`id`, `create_time`, `created_by`, `role_id`, `menu_id`) VALUES (1645607077273403392, '2023-04-11 09:57:56', 0, 1645607076937859072, 1645607074253504514);
INSERT INTO `sys_role_menu` (`id`, `create_time`, `created_by`, `role_id`, `menu_id`) VALUES (1645607077273403393, '2023-04-11 09:57:56', 0, 1645607076937859072, 1645607074253504515);
INSERT INTO `sys_role_menu` (`id`, `create_time`, `created_by`, `role_id`, `menu_id`) VALUES (1645607077277597696, '2023-04-11 09:57:56', 0, 1645607076937859072, 1645607074253504516);
INSERT INTO `sys_role_menu` (`id`, `create_time`, `created_by`, `role_id`, `menu_id`) VALUES (1645607077277597697, '2023-04-11 09:57:56', 0, 1645607076937859072, 1645607074253504517);
INSERT INTO `sys_role_menu` (`id`, `create_time`, `created_by`, `role_id`, `menu_id`) VALUES (1645607077281792000, '2023-04-11 09:57:56', 0, 1645607076937859072, 1645607074253504518);
INSERT INTO `sys_role_menu` (`id`, `create_time`, `created_by`, `role_id`, `menu_id`) VALUES (1645607077281792001, '2023-04-11 09:57:56', 0, 1645607076937859072, 1645607074253504519);
INSERT INTO `sys_role_menu` (`id`, `create_time`, `created_by`, `role_id`, `menu_id`) VALUES (1645607077281792002, '2023-04-11 09:57:56', 0, 1645607076937859072, 1645607074253504520);
INSERT INTO `sys_role_menu` (`id`, `create_time`, `created_by`, `role_id`, `menu_id`) VALUES (1645607077281792003, '2023-04-11 09:57:56', 0, 1645607076937859072, 1645607074253504521);
INSERT INTO `sys_role_menu` (`id`, `create_time`, `created_by`, `role_id`, `menu_id`) VALUES (1645607077285986304, '2023-04-11 09:57:56', 0, 1645607076937859072, 1645607074253504522);
INSERT INTO `sys_role_menu` (`id`, `create_time`, `created_by`, `role_id`, `menu_id`) VALUES (1645607077285986305, '2023-04-11 09:57:56', 0, 1645607076937859072, 1645607074253504523);
INSERT INTO `sys_role_menu` (`id`, `create_time`, `created_by`, `role_id`, `menu_id`) VALUES (1645607077285986306, '2023-04-11 09:57:56', 0, 1645607076937859072, 1645607074253504524);
INSERT INTO `sys_role_menu` (`id`, `create_time`, `created_by`, `role_id`, `menu_id`) VALUES (1645607077290180608, '2023-04-11 09:57:56', 0, 1645607076937859072, 1645607074253504525);
INSERT INTO `sys_role_menu` (`id`, `create_time`, `created_by`, `role_id`, `menu_id`) VALUES (1645607077290180609, '2023-04-11 09:57:56', 0, 1645607076937859072, 1645607074253504526);
INSERT INTO `sys_role_menu` (`id`, `create_time`, `created_by`, `role_id`, `menu_id`) VALUES (1645607077294374912, '2023-04-11 09:57:56', 0, 1645607076937859072, 1645607074253504527);
INSERT INTO `sys_role_menu` (`id`, `create_time`, `created_by`, `role_id`, `menu_id`) VALUES (1645607077294374913, '2023-04-11 09:57:56', 0, 1645607076937859072, 1645607074253504528);
INSERT INTO `sys_role_menu` (`id`, `create_time`, `created_by`, `role_id`, `menu_id`) VALUES (1645607077294374914, '2023-04-11 09:57:56', 0, 1645607076937859072, 1645607074253504529);
INSERT INTO `sys_role_menu` (`id`, `create_time`, `created_by`, `role_id`, `menu_id`) VALUES (1645607077298569216, '2023-04-11 09:57:56', 0, 1645607076937859072, 1645607074253504530);
INSERT INTO `sys_role_menu` (`id`, `create_time`, `created_by`, `role_id`, `menu_id`) VALUES (1645607077298569217, '2023-04-11 09:57:56', 0, 1645607076937859072, 1645607074253504531);
INSERT INTO `sys_role_menu` (`id`, `create_time`, `created_by`, `role_id`, `menu_id`) VALUES (1645607077298569218, '2023-04-11 09:57:56', 0, 1645607076937859072, 1645607074253504532);
INSERT INTO `sys_role_menu` (`id`, `create_time`, `created_by`, `role_id`, `menu_id`) VALUES (1645607077298569219, '2023-04-11 09:57:56', 0, 1645607076937859072, 1645607074253504533);
INSERT INTO `sys_role_menu` (`id`, `create_time`, `created_by`, `role_id`, `menu_id`) VALUES (1645607077302763520, '2023-04-11 09:57:56', 0, 1645607076937859072, 1645607074253504534);
INSERT INTO `sys_role_menu` (`id`, `create_time`, `created_by`, `role_id`, `menu_id`) VALUES (1645607077302763521, '2023-04-11 09:57:56', 0, 1645607076937859072, 1645607074253504535);
INSERT INTO `sys_role_menu` (`id`, `create_time`, `created_by`, `role_id`, `menu_id`) VALUES (1645607077306957824, '2023-04-11 09:57:56', 0, 1645607076937859072, 1645607074253504536);
INSERT INTO `sys_role_menu` (`id`, `create_time`, `created_by`, `role_id`, `menu_id`) VALUES (1645607077306957825, '2023-04-11 09:57:56', 0, 1645607076937859072, 1645607074253504537);
INSERT INTO `sys_role_menu` (`id`, `create_time`, `created_by`, `role_id`, `menu_id`) VALUES (1645607077306957826, '2023-04-11 09:57:56', 0, 1645607076937859072, 1645607074253504538);
INSERT INTO `sys_role_menu` (`id`, `create_time`, `created_by`, `role_id`, `menu_id`) VALUES (1645607077311152128, '2023-04-11 09:57:56', 0, 1645607076937859072, 1645607074253504539);
INSERT INTO `sys_role_menu` (`id`, `create_time`, `created_by`, `role_id`, `menu_id`) VALUES (1645607077311152129, '2023-04-11 09:57:56', 0, 1645607076937859072, 1645607074253504540);
INSERT INTO `sys_role_menu` (`id`, `create_time`, `created_by`, `role_id`, `menu_id`) VALUES (1645607077311152130, '2023-04-11 09:57:56', 0, 1645607076937859072, 1645607074257698816);
INSERT INTO `sys_role_menu` (`id`, `create_time`, `created_by`, `role_id`, `menu_id`) VALUES (1645607077315346432, '2023-04-11 09:57:56', 0, 1645607076937859072, 1645607074257698817);
INSERT INTO `sys_role_menu` (`id`, `create_time`, `created_by`, `role_id`, `menu_id`) VALUES (1645607077315346433, '2023-04-11 09:57:56', 0, 1645607076937859072, 1645607074257698818);
INSERT INTO `sys_role_menu` (`id`, `create_time`, `created_by`, `role_id`, `menu_id`) VALUES (1645607077315346434, '2023-04-11 09:57:56', 0, 1645607076937859072, 1645607074257698819);


-- 初始化用户  账号：zetaAdmin  密码：admin
INSERT INTO `sys_user` (`id`, `create_time`, `created_by`, `update_time`, `updated_by`, `username`, `account`, `password`, `email`, `mobile`, `sex`, `avatar`, `birthday`, `readonly_`, `state`, `deleted`) VALUES (1645607078095486976, '2023-04-11 09:57:56', 0, '2023-04-11 09:57:56', 0, 'zeta管理员', 'zetaAdmin', '$2a$10$M8Q6189WcePNJ7d50FvOKOdCtcyy0hxyFKL6z8jxmhyvkLHIP8ZBC', NULL, NULL, 1, NULL, NULL, b'1', 1, b'0');


-- 初始化用户_角色
INSERT INTO `sys_user_role` (`id`, `create_time`, `created_by`, `user_id`, `role_id`) VALUES (1645607079659962368, '2023-04-11 09:57:56', 0, 1645607078095486976, 1645607076937859072);


-- 初始化字典
INSERT INTO `sys_dict` (`id`, `create_time`, `created_by`, `update_time`, `updated_by`, `name`, `code`, `describe_`, `sort_value`, `deleted`) VALUES (1645607079798374400, '2023-04-11 09:57:56', 0, '2023-04-11 09:57:56', 0, '设备状态', 'device_status', '设备运行状态', 0, b'0');


-- 初始化字典项
INSERT INTO `sys_dict_item` (`id`, `create_time`, `created_by`, `update_time`, `updated_by`, `dict_id`, `name`, `value`, `describe_`, `sort_value`, `deleted`) VALUES (1645607080020672512, '2023-04-11 09:57:56', 0, '2023-04-11 09:57:56', 0, 1645607079798374400, '运行', 'RUNNING', '设备正在运行', 1, b'0');
INSERT INTO `sys_dict_item` (`id`, `create_time`, `created_by`, `update_time`, `updated_by`, `dict_id`, `name`, `value`, `describe_`, `sort_value`, `deleted`) VALUES (1645607080020672513, '2023-04-11 09:57:56', 0, '2023-04-11 09:57:56', 0, 1645607079798374400, '停止', 'WAITING', '设备已停止', 2, b'0');
